m_debris_kg,h_km,d_debris_cm,dv_required_m_s,beta,m_incident_required_g,m_incident_max_subcat_g,areal_penalty,m_powder_ideal_g,m_powder_g,n_shots,mode,cloud_sigma_mm,cloud_diameter_cm,Es_kJ_kg,Es_over_threshold,subcatastrophic,subcat_worst_case,total_accel_mass_g,within_coilgun_limit,self_disposal_ok,v_rel_m_s
0.0014,400,0.996755,57.7243,1.20069,0.217469,0.292305,21.8683,4.75566,50,1,DEFOCUS (charge floored at 50 g),53.4355,26.1588,29.7591,0.743978,True,True,69,True,True,619
0.0014,600,0.996755,55.2281,1.20069,0.208065,0.292305,21.8683,4.55002,50,1,DEFOCUS (charge floored at 50 g),54.6298,26.7435,28.4723,0.711806,True,True,69,True,True,619
0.0014,800,0.996755,52.9068,1.20069,0.19932,0.292305,21.8683,4.35878,50,1,DEFOCUS (charge floored at 50 g),55.8153,27.3238,27.2755,0.681889,True,True,69,True,True,619
0.0014,900,0.996755,51.8065,1.20069,0.195174,0.292305,21.8683,4.26812,50,1,DEFOCUS (charge floored at 50 g),56.405,27.6125,26.7083,0.667707,True,True,69,True,True,619
0.0014,1000,0.996755,50.7437,1.20069,0.19117,0.292305,21.8683,4.18057,50,1,DEFOCUS (charge floored at 50 g),56.9926,27.9001,26.1604,0.65401,True,True,69,True,True,619
0.0014,1200,0.996755,48.7241,1.20069,0.183562,0.292305,21.8683,4.01418,50,1,DEFOCUS (charge floored at 50 g),58.1617,28.4725,25.1192,0.62798,True,True,69,True,True,619
0.01,400,1.91961,57.7243,1.20069,1.55335,2.0879,5.89612,9.15872,50,1,DEFOCUS (charge floored at 50 g),38.5051,18.8498,29.7591,0.743978,True,True,69,True,True,619
0.01,600,1.91961,55.2281,1.20069,1.48618,2.0879,5.89612,8.76268,50,1,DEFOCUS (charge floored at 50 g),39.3656,19.2711,28.4723,0.711806,True,True,69,True,True,619
0.01,800,1.91961,52.9068,1.20069,1.42371,2.0879,5.89612,8.39438,50,1,DEFOCUS (charge floored at 50 g),40.2199,19.6893,27.2755,0.681889,True,True,69,True,True,619
0.01,900,1.91961,51.8065,1.20069,1.3941,2.0879,5.89612,8.21979,50,1,DEFOCUS (charge floored at 50 g),40.6448,19.8973,26.7083,0.667707,True,True,69,True,True,619
0.01,1000,1.91961,50.7437,1.20069,1.3655,2.0879,5.89612,8.05117,50,1,DEFOCUS (charge floored at 50 g),41.0682,20.1045,26.1604,0.65401,True,True,69,True,True,619
0.01,1200,1.91961,48.7241,1.20069,1.31116,2.0879,5.89612,7.73073,50,1,DEFOCUS (charge floored at 50 g),41.9107,20.517,25.1192,0.62798,True,True,69,True,True,619
0.05,400,3.28248,57.7243,1.20069,7.76674,10.4395,2.01644,15.6612,50,1,DEFOCUS (charge floored at 50 g),29.4458,14.4149,29.7591,0.743978,True,True,69,True,True,619
0.05,600,3.28248,55.2281,1.20069,7.43088,10.4395,2.01644,14.984,50,1,DEFOCUS (charge floored at 50 g),30.1039,14.737,28.4723,0.711806,True,True,69,True,True,619
0.05,800,3.28248,52.9068,1.20069,7.11856,10.4395,2.01644,14.3542,50,1,DEFOCUS (charge floored at 50 g),30.7572,15.0569,27.2755,0.681889,True,True,69,True,True,619
0.05,900,3.28248,51.8065,1.20069,6.97051,10.4395,2.01644,14.0556,50,1,DEFOCUS (charge floored at 50 g),31.0821,15.2159,26.7083,0.667707,True,True,69,True,True,619
0.05,1000,3.28248,50.7437,1.20069,6.82752,10.4395,2.01644,13.7673,50,1,DEFOCUS (charge floored at 50 g),31.4059,15.3744,26.1604,0.65401,True,True,69,True,True,619
0.05,1200,3.28248,48.7241,1.20069,6.55578,10.4395,2.01644,13.2194,50,1,DEFOCUS (charge floored at 50 g),32.0502,15.6898,25.1192,0.62798,True,True,69,True,True,619
0.1,400,4.13567,57.7243,1.20069,15.5335,20.879,1.27028,19.7319,50,1,DEFOCUS (charge floored at 50 g),26.2332,12.8422,29.7591,0.743978,True,True,69,True,True,619
0.1,600,4.13567,55.2281,1.20069,14.8618,20.879,1.27028,18.8786,50,1,DEFOCUS (charge floored at 50 g),26.8195,13.1292,28.4723,0.711806,True,True,69,True,True,619
0.1,800,4.13567,52.9068,1.20069,14.2371,20.879,1.27028,18.0851,50,1,DEFOCUS (charge floored at 50 g),27.4015,13.4141,27.2755,0.681889,True,True,69,True,True,619
0.1,900,4.13567,51.8065,1.20069,13.941,20.879,1.27028,17.709,50,1,DEFOCUS (charge floored at 50 g),27.691,13.5559,26.7083,0.667707,True,True,69,True,True,619
0.1,1000,4.13567,50.7437,1.20069,13.655,20.879,1.27028,17.3457,50,1,DEFOCUS (charge floored at 50 g),27.9795,13.6971,26.1604,0.65401,True,True,69,True,True,619
0.1,1200,4.13567,48.7241,1.20069,13.1116,20.879,1.27028,16.6554,50,1,DEFOCUS (charge floored at 50 g),28.5535,13.9781,25.1192,0.62798,True,True,69,True,True,619
0.2,400,5.21062,57.7243,1.20069,31.0669,41.7579,1,31.0669,50,1,DEFOCUS (charge floored at 50 g),23.3711,11.4411,29.7591,0.743978,True,True,69,True,True,619
0.2,600,5.21062,55.2281,1.20069,29.7235,41.7579,1,29.7235,50,1,DEFOCUS (charge floored at 50 g),23.8935,11.6968,28.4723,0.711806,True,True,69,True,True,619
0.2,800,5.21062,52.9068,1.20069,28.4742,41.7579,1,28.4742,50,1,DEFOCUS (charge floored at 50 g),24.412,11.9506,27.2755,0.681889,True,True,69,True,True,619
0.2,900,5.21062,51.8065,1.20069,27.882,41.7579,1,27.882,50,1,DEFOCUS (charge floored at 50 g),24.6699,12.0769,26.7083,0.667707,True,True,69,True,True,619
0.2,1000,5.21062,50.7437,1.20069,27.3101,41.7579,1,27.3101,50,1,DEFOCUS (charge floored at 50 g),24.9269,12.2027,26.1604,0.65401,True,True,69,True,True,619
0.2,1200,5.21062,48.7241,1.20069,26.2231,41.7579,1,26.2231,50,1,DEFOCUS (charge floored at 50 g),25.4382,12.453,25.1192,0.62798,True,True,69,True,True,619
0.3,400,5.96467,57.7243,1.20069,46.6004,62.6369,1,46.6004,50,1,DEFOCUS (charge floored at 50 g),21.844,10.6935,29.7591,0.743978,True,True,69,True,True,619
0.3,600,5.96467,55.2281,1.20069,44.5853,62.6369,1,44.5853,50,1,DEFOCUS (charge floored at 50 g),22.3321,10.9325,28.4723,0.711806,True,True,69,True,True,619
0.3,800,5.96467,52.9068,1.20069,42.7114,62.6369,1,42.7114,50,1,DEFOCUS (charge floored at 50 g),22.8168,11.1697,27.2755,0.681889,True,True,69,True,True,619
0.3,900,5.96467,51.8065,1.20069,41.823,62.6369,1,41.823,50,1,DEFOCUS (charge floored at 50 g),23.0578,11.2877,26.7083,0.667707,True,True,69,True,True,619
0.3,1000,5.96467,50.7437,1.20069,40.9651,62.6369,1,40.9651,50,1,DEFOCUS (charge floored at 50 g),23.298,11.4053,26.1604,0.65401,True,True,69,True,True,619
0.3,1200,5.96467,48.7241,1.20069,39.3347,62.6369,1,39.3347,50,1,DEFOCUS (charge floored at 50 g),23.776,11.6393,25.1192,0.62798,True,True,69,True,True,619
0.4,400,6.56497,57.7243,1.20069,62.1339,83.5158,1,62.1339,62.1339,1,NOMINAL,9.99548,4.89319,29.7591,0.743978,True,True,81.1339,True,True,619
0.4,600,6.56497,55.2281,1.20069,59.4471,83.5158,1,59.4471,59.4471,1,NOMINAL,9.99548,4.89319,28.4723,0.711806,True,True,78.4471,True,True,619
0.4,800,6.56497,52.9068,1.20069,56.9485,83.5158,1,56.9485,56.9485,1,NOMINAL,9.99548,4.89319,27.2755,0.681889,True,True,75.9485,True,True,619
0.4,900,6.56497,51.8065,1.20069,55.7641,83.5158,1,55.7641,55.7641,1,NOMINAL,9.99548,4.89319,26.7083,0.667707,True,True,74.7641,True,True,619
0.4,1000,6.56497,50.7437,1.20069,54.6201,83.5158,1,54.6201,54.6201,1,NOMINAL,9.99548,4.89319,26.1604,0.65401,True,True,73.6201,True,True,619
0.4,1200,6.56497,48.7241,1.20069,52.4462,83.5158,1,52.4462,52.4462,1,NOMINAL,9.99548,4.89319,25.1192,0.62798,True,True,71.4462,True,True,619
0.5,400,7.0719,57.7243,1.20069,77.6674,104.395,1,77.6674,77.6674,1,NOMINAL,9.99548,4.89319,29.7591,0.743978,True,True,96.6674,True,True,619
0.5,600,7.0719,55.2281,1.20069,74.3088,104.395,1,74.3088,74.3088,1,NOMINAL,9.99548,4.89319,28.4723,0.711806,True,True,93.3088,True,True,619
0.5,800,7.0719,52.9068,1.20069,71.1856,104.395,1,71.1856,71.1856,1,NOMINAL,9.99548,4.89319,27.2755,0.681889,True,True,90.1856,True,True,619
0.5,900,7.0719,51.8065,1.20069,69.7051,104.395,1,69.7051,69.7051,1,NOMINAL,9.99548,4.89319,26.7083,0.667707,True,True,88.7051,True,True,619
0.5,1000,7.0719,50.7437,1.20069,68.2752,104.395,1,68.2752,68.2752,1,NOMINAL,9.99548,4.89319,26.1604,0.65401,True,True,87.2752,True,True,619
0.5,1200,7.0719,48.7241,1.20069,65.5578,104.395,1,65.5578,65.5578,1,NOMINAL,9.99548,4.89319,25.1192,0.62798,True,True,84.5578,True,True,619
0.6,400,7.51501,57.7243,1.20069,93.2008,125.274,1,93.2008,93.2008,1,NOMINAL,9.99548,4.89319,29.7591,0.743978,True,True,112.201,False,True,619
0.6,600,7.51501,55.2281,1.20069,89.1706,125.274,1,89.1706,89.1706,1,NOMINAL,9.99548,4.89319,28.4723,0.711806,True,True,108.171,False,True,619
0.6,800,7.51501,52.9068,1.20069,85.4227,125.274,1,85.4227,85.4227,1,NOMINAL,9.99548,4.89319,27.2755,0.681889,True,True,104.423,False,True,619
0.6,900,7.51501,51.8065,1.20069,83.6461,125.274,1,83.6461,83.6461,1,NOMINAL,9.99548,4.89319,26.7083,0.667707,True,True,102.646,False,True,619
0.6,1000,7.51501,50.7437,1.20069,81.9302,125.274,1,81.9302,81.9302,1,NOMINAL,9.99548,4.89319,26.1604,0.65401,True,True,100.93,False,True,619
0.6,1200,7.51501,48.7241,1.20069,78.6694,125.274,1,78.6694,78.6694,1,NOMINAL,9.99548,4.89319,25.1192,0.62798,True,True,97.6694,True,True,619
0.7,400,7.91125,57.7243,1.20069,108.734,146.153,1,108.734,100,2,MULTI-SHOT (charge capped at 100 g),9.99548,4.89319,29.7591,0.743978,True,True,119,False,True,619
0.7,600,7.91125,55.2281,1.20069,104.032,146.153,1,104.032,100,2,MULTI-SHOT (charge capped at 100 g),9.99548,4.89319,28.4723,0.711806,True,True,119,False,True,619
0.7,800,7.91125,52.9068,1.20069,99.6598,146.153,1,99.6598,99.6598,1,NOMINAL,9.99548,4.89319,27.2755,0.681889,True,True,118.66,False,True,619
0.7,900,7.91125,51.8065,1.20069,97.5871,146.153,1,97.5871,97.5871,1,NOMINAL,9.99548,4.89319,26.7083,0.667707,True,True,116.587,False,True,619
0.7,1000,7.91125,50.7437,1.20069,95.5852,146.153,1,95.5852,95.5852,1,NOMINAL,9.99548,4.89319,26.1604,0.65401,True,True,114.585,False,True,619
0.7,1200,7.91125,48.7241,1.20069,91.7809,146.153,1,91.7809,91.7809,1,NOMINAL,9.99548,4.89319,25.1192,0.62798,True,True,110.781,False,True,619
0.8,400,8.27134,57.7243,1.20069,124.268,167.032,1,124.268,100,2,MULTI-SHOT (charge capped at 100 g),9.99548,4.89319,29.7591,0.743978,True,True,119,False,True,619
0.8,600,8.27134,55.2281,1.20069,118.894,167.032,1,118.894,100,2,MULTI-SHOT (charge capped at 100 g),9.99548,4.89319,28.4723,0.711806,True,True,119,False,True,619
0.8,800,8.27134,52.9068,1.20069,113.897,167.032,1,113.897,100,2,MULTI-SHOT (charge capped at 100 g),9.99548,4.89319,27.2755,0.681889,True,True,119,False,True,619
0.8,900,8.27134,51.8065,1.20069,111.528,167.032,1,111.528,100,2,MULTI-SHOT (charge capped at 100 g),9.99548,4.89319,26.7083,0.667707,True,True,119,False,True,619
0.8,1000,8.27134,50.7437,1.20069,109.24,167.032,1,109.24,100,2,MULTI-SHOT (charge capped at 100 g),9.99548,4.89319,26.1604,0.65401,True,True,119,False,True,619
0.8,1200,8.27134,48.7241,1.20069,104.892,167.032,1,104.892,100,2,MULTI-SHOT (charge capped at 100 g),9.99548,4.89319,25.1192,0.62798,True,True,119,False,True,619
1,400,8.91003,57.7243,1.20069,155.335,208.79,1,155.335,100,2,MULTI-SHOT (charge capped at 100 g),9.99548,4.89319,29.7591,0.743978,True,True,119,False,True,619
1,600,8.91003,55.2281,1.20069,148.618,208.79,1,148.618,100,2,MULTI-SHOT (charge capped at 100 g),9.99548,4.89319,28.4723,0.711806,True,True,119,False,True,619
1,800,8.91003,52.9068,1.20069,142.371,208.79,1,142.371,100,2,MULTI-SHOT (charge capped at 100 g),9.99548,4.89319,27.2755,0.681889,True,True,119,False,True,619
1,900,8.91003,51.8065,1.20069,139.41,208.79,1,139.41,100,2,MULTI-SHOT (charge capped at 100 g),9.99548,4.89319,26.7083,0.667707,True,True,119,False,True,619
1,1000,8.91003,50.7437,1.20069,136.55,208.79,1,136.55,100,2,MULTI-SHOT (charge capped at 100 g),9.99548,4.89319,26.1604,0.65401,True,True,119,False,True,619
1,1200,8.91003,48.7241,1.20069,131.116,208.79,1,131.116,100,2,MULTI-SHOT (charge capped at 100 g),9.99548,4.89319,25.1192,0.62798,True,True,119,False,True,619
