theta_deg,dh_offset_m,v_transverse_m_s,R_m,tof_s,tau_s,t_view_s,t_obs_s,sigma_pos_m,sigma_v_m_s,miss_no_lead_m,miss_with_lead_m,n_samples_in_view
0,10,0.00509152,1,0.00161551,0.0001,3928.1,10,5.5e-07,1.90526e-09,8.73455e-06,3.26848e-12,3.9281e+06
0,10,0.00509152,1,0.00161551,0.001,3928.1,10,5.5e-07,1.90526e-09,1.33169e-05,4.98321e-12,3.9281e+06
0,10,0.00509152,1,0.00161551,0.005,3928.1,10,5.5e-07,1.90526e-09,3.3683e-05,1.26042e-11,3.9281e+06
0,10,0.00509152,1,0.00161551,0.01,3928.1,10,5.5e-07,1.90526e-09,5.91406e-05,2.21305e-11,3.9281e+06
0,10,0.00509152,1,0.00161551,0.05,3928.1,10,5.5e-07,1.90526e-09,0.000262802,9.83408e-11,3.9281e+06
0,10,0.00509152,1,0.00161551,0.1,3928.1,10,5.5e-07,1.90526e-09,0.000517378,1.93604e-10,3.9281e+06
0,10,0.00509152,10,0.0161551,0.0001,39281,10,5.5e-06,1.90526e-08,8.27632e-05,3.09701e-10,3.9281e+07
0,10,0.00509152,10,0.0161551,0.001,39281,10,5.5e-06,1.90526e-08,8.73455e-05,3.26848e-10,3.9281e+07
0,10,0.00509152,10,0.0161551,0.005,39281,10,5.5e-06,1.90526e-08,0.000107712,4.03059e-10,3.9281e+07
0,10,0.00509152,10,0.0161551,0.01,39281,10,5.5e-06,1.90526e-08,0.000133169,4.98321e-10,3.9281e+07
0,10,0.00509152,10,0.0161551,0.05,39281,10,5.5e-06,1.90526e-08,0.00033683,1.26042e-09,3.9281e+07
0,10,0.00509152,10,0.0161551,0.1,39281,10,5.5e-06,1.90526e-08,0.000591406,2.21305e-09,3.9281e+07
0,10,0.00509152,100,0.161551,0.0001,392810,10,5.5e-05,1.90526e-07,0.000823049,3.07986e-08,3.9281e+08
0,10,0.00509152,100,0.161551,0.001,392810,10,5.5e-05,1.90526e-07,0.000827632,3.09701e-08,3.9281e+08
0,10,0.00509152,100,0.161551,0.005,392810,10,5.5e-05,1.90526e-07,0.000847998,3.17322e-08,3.9281e+08
0,10,0.00509152,100,0.161551,0.01,392810,10,5.5e-05,1.90526e-07,0.000873455,3.26848e-08,3.9281e+08
0,10,0.00509152,100,0.161551,0.05,392810,10,5.5e-05,1.90526e-07,0.00107712,4.03059e-08,3.9281e+08
0,10,0.00509152,100,0.161551,0.1,392810,10,5.5e-05,1.90526e-07,0.00133169,4.98321e-08,3.9281e+08
0,10,0.00509152,1000,1.61551,0.0001,3.9281e+06,10,0.00055,1.90526e-06,0.00822591,3.07815e-06,3.9281e+09
0,10,0.00509152,1000,1.61551,0.001,3.9281e+06,10,0.00055,1.90526e-06,0.00823049,3.07986e-06,3.9281e+09
0,10,0.00509152,1000,1.61551,0.005,3.9281e+06,10,0.00055,1.90526e-06,0.00825086,3.08748e-06,3.9281e+09
0,10,0.00509152,1000,1.61551,0.01,3.9281e+06,10,0.00055,1.90526e-06,0.00827632,3.09701e-06,3.9281e+09
0,10,0.00509152,1000,1.61551,0.05,3.9281e+06,10,0.00055,1.90526e-06,0.00847998,3.17322e-06,3.9281e+09
0,10,0.00509152,1000,1.61551,0.1,3.9281e+06,10,0.00055,1.90526e-06,0.00873455,3.26848e-06,3.9281e+09
0,100,0.0509152,1,0.00161551,0.0001,392.81,10,5.5e-07,1.90526e-09,8.73455e-05,3.26848e-12,392810
0,100,0.0509152,1,0.00161551,0.001,392.81,10,5.5e-07,1.90526e-09,0.000133169,4.98321e-12,392810
0,100,0.0509152,1,0.00161551,0.005,392.81,10,5.5e-07,1.90526e-09,0.00033683,1.26042e-11,392810
0,100,0.0509152,1,0.00161551,0.01,392.81,10,5.5e-07,1.90526e-09,0.000591406,2.21305e-11,392810
0,100,0.0509152,1,0.00161551,0.05,392.81,10,5.5e-07,1.90526e-09,0.00262802,9.83408e-11,392810
0,100,0.0509152,1,0.00161551,0.1,392.81,10,5.5e-07,1.90526e-09,0.00517378,1.93604e-10,392810
0,100,0.0509152,10,0.0161551,0.0001,3928.1,10,5.5e-06,1.90526e-08,0.000827632,3.09701e-10,3.9281e+06
0,100,0.0509152,10,0.0161551,0.001,3928.1,10,5.5e-06,1.90526e-08,0.000873455,3.26848e-10,3.9281e+06
0,100,0.0509152,10,0.0161551,0.005,3928.1,10,5.5e-06,1.90526e-08,0.00107712,4.03059e-10,3.9281e+06
0,100,0.0509152,10,0.0161551,0.01,3928.1,10,5.5e-06,1.90526e-08,0.00133169,4.98321e-10,3.9281e+06
0,100,0.0509152,10,0.0161551,0.05,3928.1,10,5.5e-06,1.90526e-08,0.0033683,1.26042e-09,3.9281e+06
0,100,0.0509152,10,0.0161551,0.1,3928.1,10,5.5e-06,1.90526e-08,0.00591406,2.21305e-09,3.9281e+06
0,100,0.0509152,100,0.161551,0.0001,39281,10,5.5e-05,1.90526e-07,0.00823049,3.07986e-08,3.9281e+07
0,100,0.0509152,100,0.161551,0.001,39281,10,5.5e-05,1.90526e-07,0.00827632,3.09701e-08,3.9281e+07
0,100,0.0509152,100,0.161551,0.005,39281,10,5.5e-05,1.90526e-07,0.00847998,3.17322e-08,3.9281e+07
0,100,0.0509152,100,0.161551,0.01,39281,10,5.5e-05,1.90526e-07,0.00873455,3.26848e-08,3.9281e+07
0,100,0.0509152,100,0.161551,0.05,39281,10,5.5e-05,1.90526e-07,0.0107712,4.03059e-08,3.9281e+07
0,100,0.0509152,100,0.161551,0.1,39281,10,5.5e-05,1.90526e-07,0.0133169,4.98321e-08,3.9281e+07
0,100,0.0509152,1000,1.61551,0.0001,392810,10,0.00055,1.90526e-06,0.0822591,3.07815e-06,3.9281e+08
0,100,0.0509152,1000,1.61551,0.001,392810,10,0.00055,1.90526e-06,0.0823049,3.07986e-06,3.9281e+08
0,100,0.0509152,1000,1.61551,0.005,392810,10,0.00055,1.90526e-06,0.0825086,3.08748e-06,3.9281e+08
0,100,0.0509152,1000,1.61551,0.01,392810,10,0.00055,1.90526e-06,0.0827632,3.09701e-06,3.9281e+08
0,100,0.0509152,1000,1.61551,0.05,392810,10,0.00055,1.90526e-06,0.0847998,3.17322e-06,3.9281e+08
0,100,0.0509152,1000,1.61551,0.1,392810,10,0.00055,1.90526e-06,0.0873455,3.26848e-06,3.9281e+08
0,1000,0.509152,1,0.00161551,0.0001,39.281,10,5.5e-07,1.90526e-09,0.000873455,3.26848e-12,39281
0,1000,0.509152,1,0.00161551,0.001,39.281,10,5.5e-07,1.90526e-09,0.00133169,4.98321e-12,39281
0,1000,0.509152,1,0.00161551,0.005,39.281,10,5.5e-07,1.90526e-09,0.0033683,1.26042e-11,39281
0,1000,0.509152,1,0.00161551,0.01,39.281,10,5.5e-07,1.90526e-09,0.00591406,2.21305e-11,39281
0,1000,0.509152,1,0.00161551,0.05,39.281,10,5.5e-07,1.90526e-09,0.0262802,9.83408e-11,39281
0,1000,0.509152,1,0.00161551,0.1,39.281,10,5.5e-07,1.90526e-09,0.0517378,1.93604e-10,39281
0,1000,0.509152,10,0.0161551,0.0001,392.81,10,5.5e-06,1.90526e-08,0.00827632,3.09701e-10,392810
0,1000,0.509152,10,0.0161551,0.001,392.81,10,5.5e-06,1.90526e-08,0.00873455,3.26848e-10,392810
0,1000,0.509152,10,0.0161551,0.005,392.81,10,5.5e-06,1.90526e-08,0.0107712,4.03059e-10,392810
0,1000,0.509152,10,0.0161551,0.01,392.81,10,5.5e-06,1.90526e-08,0.0133169,4.98321e-10,392810
0,1000,0.509152,10,0.0161551,0.05,392.81,10,5.5e-06,1.90526e-08,0.033683,1.26042e-09,392810
0,1000,0.509152,10,0.0161551,0.1,392.81,10,5.5e-06,1.90526e-08,0.0591406,2.21305e-09,392810
0,1000,0.509152,100,0.161551,0.0001,3928.1,10,5.5e-05,1.90526e-07,0.0823049,3.07986e-08,3.9281e+06
0,1000,0.509152,100,0.161551,0.001,3928.1,10,5.5e-05,1.90526e-07,0.0827632,3.09701e-08,3.9281e+06
0,1000,0.509152,100,0.161551,0.005,3928.1,10,5.5e-05,1.90526e-07,0.0847998,3.17322e-08,3.9281e+06
0,1000,0.509152,100,0.161551,0.01,3928.1,10,5.5e-05,1.90526e-07,0.0873455,3.26848e-08,3.9281e+06
0,1000,0.509152,100,0.161551,0.05,3928.1,10,5.5e-05,1.90526e-07,0.107712,4.03059e-08,3.9281e+06
0,1000,0.509152,100,0.161551,0.1,3928.1,10,5.5e-05,1.90526e-07,0.133169,4.98321e-08,3.9281e+06
0,1000,0.509152,1000,1.61551,0.0001,39281,10,0.00055,1.90526e-06,0.822591,3.07815e-06,3.9281e+07
0,1000,0.509152,1000,1.61551,0.001,39281,10,0.00055,1.90526e-06,0.823049,3.07986e-06,3.9281e+07
0,1000,0.509152,1000,1.61551,0.005,39281,10,0.00055,1.90526e-06,0.825086,3.08748e-06,3.9281e+07
0,1000,0.509152,1000,1.61551,0.01,39281,10,0.00055,1.90526e-06,0.827632,3.09701e-06,3.9281e+07
0,1000,0.509152,1000,1.61551,0.05,39281,10,0.00055,1.90526e-06,0.847998,3.17322e-06,3.9281e+07
0,1000,0.509152,1000,1.61551,0.1,39281,10,0.00055,1.90526e-06,0.873455,3.26848e-06,3.9281e+07
0,5000,2.54576,1,0.00161551,0.0001,7.8562,7.8562,5.5e-07,2.73612e-09,0.00436728,4.69383e-12,7856.2
0,5000,2.54576,1,0.00161551,0.001,7.8562,7.8562,5.5e-07,2.73612e-09,0.00665846,7.15634e-12,7856.2
0,5000,2.54576,1,0.00161551,0.005,7.8562,7.8562,5.5e-07,2.73612e-09,0.0168415,1.81008e-11,7856.2
0,5000,2.54576,1,0.00161551,0.01,7.8562,7.8562,5.5e-07,2.73612e-09,0.0295703,3.17814e-11,7856.2
0,5000,2.54576,1,0.00161551,0.05,7.8562,7.8562,5.5e-07,2.73612e-09,0.131401,1.41226e-10,7856.2
0,5000,2.54576,1,0.00161551,0.1,7.8562,7.8562,5.5e-07,2.73612e-09,0.258689,2.78032e-10,7856.2
0,5000,2.54576,10,0.0161551,0.0001,78.562,10,5.5e-06,1.90526e-08,0.0413816,3.09701e-10,78562
0,5000,2.54576,10,0.0161551,0.001,78.562,10,5.5e-06,1.90526e-08,0.0436728,3.26848e-10,78562
0,5000,2.54576,10,0.0161551,0.005,78.562,10,5.5e-06,1.90526e-08,0.0538558,4.03059e-10,78562
0,5000,2.54576,10,0.0161551,0.01,78.562,10,5.5e-06,1.90526e-08,0.0665846,4.98321e-10,78562
0,5000,2.54576,10,0.0161551,0.05,78.562,10,5.5e-06,1.90526e-08,0.168415,1.26042e-09,78562
0,5000,2.54576,10,0.0161551,0.1,78.562,10,5.5e-06,1.90526e-08,0.295703,2.21305e-09,78562
0,5000,2.54576,100,0.161551,0.0001,785.62,10,5.5e-05,1.90526e-07,0.411525,3.07986e-08,785620
0,5000,2.54576,100,0.161551,0.001,785.62,10,5.5e-05,1.90526e-07,0.413816,3.09701e-08,785620
0,5000,2.54576,100,0.161551,0.005,785.62,10,5.5e-05,1.90526e-07,0.423999,3.17322e-08,785620
0,5000,2.54576,100,0.161551,0.01,785.62,10,5.5e-05,1.90526e-07,0.436728,3.26848e-08,785620
0,5000,2.54576,100,0.161551,0.05,785.62,10,5.5e-05,1.90526e-07,0.538558,4.03059e-08,785620
0,5000,2.54576,100,0.161551,0.1,785.62,10,5.5e-05,1.90526e-07,0.665846,4.98321e-08,785620
0,5000,2.54576,1000,1.61551,0.0001,7856.2,10,0.00055,1.90526e-06,4.11295,3.07815e-06,7.8562e+06
0,5000,2.54576,1000,1.61551,0.001,7856.2,10,0.00055,1.90526e-06,4.11525,3.07986e-06,7.8562e+06
0,5000,2.54576,1000,1.61551,0.005,7856.2,10,0.00055,1.90526e-06,4.12543,3.08748e-06,7.8562e+06
0,5000,2.54576,1000,1.61551,0.01,7856.2,10,0.00055,1.90526e-06,4.13816,3.09701e-06,7.8562e+06
0,5000,2.54576,1000,1.61551,0.05,7856.2,10,0.00055,1.90526e-06,4.23999,3.17322e-06,7.8562e+06
0,5000,2.54576,1000,1.61551,0.1,7856.2,10,0.00055,1.90526e-06,4.36728,3.26848e-06,7.8562e+06
0.001,,0.129226,1,0.00161551,0.0001,154.768,10,5.5e-07,1.90526e-09,0.000221688,3.26848e-12,154768
0.001,,0.129226,1,0.00161551,0.001,154.768,10,5.5e-07,1.90526e-09,0.000337991,4.98321e-12,154768
0.001,,0.129226,1,0.00161551,0.005,154.768,10,5.5e-07,1.90526e-09,0.000854894,1.26042e-11,154768
0.001,,0.129226,1,0.00161551,0.01,154.768,10,5.5e-07,1.90526e-09,0.00150102,2.21305e-11,154768
0.001,,0.129226,1,0.00161551,0.05,154.768,10,5.5e-07,1.90526e-09,0.00667005,9.83408e-11,154768
0.001,,0.129226,1,0.00161551,0.1,154.768,10,5.5e-07,1.90526e-09,0.0131313,1.93604e-10,154768
0.001,,0.129226,10,0.0161551,0.0001,1547.68,10,5.5e-06,1.90526e-08,0.00210058,3.09701e-10,1.54768e+06
0.001,,0.129226,10,0.0161551,0.001,1547.68,10,5.5e-06,1.90526e-08,0.00221688,3.26848e-10,1.54768e+06
0.001,,0.129226,10,0.0161551,0.005,1547.68,10,5.5e-06,1.90526e-08,0.00273378,4.03059e-10,1.54768e+06
0.001,,0.129226,10,0.0161551,0.01,1547.68,10,5.5e-06,1.90526e-08,0.00337991,4.98321e-10,1.54768e+06
0.001,,0.129226,10,0.0161551,0.05,1547.68,10,5.5e-06,1.90526e-08,0.00854894,1.26042e-09,1.54768e+06
0.001,,0.129226,10,0.0161551,0.1,1547.68,10,5.5e-06,1.90526e-08,0.0150102,2.21305e-09,1.54768e+06
0.001,,0.129226,100,0.161551,0.0001,15476.8,10,5.5e-05,1.90526e-07,0.0208895,3.07986e-08,1.54768e+07
0.001,,0.129226,100,0.161551,0.001,15476.8,10,5.5e-05,1.90526e-07,0.0210058,3.09701e-08,1.54768e+07
0.001,,0.129226,100,0.161551,0.005,15476.8,10,5.5e-05,1.90526e-07,0.0215227,3.17322e-08,1.54768e+07
0.001,,0.129226,100,0.161551,0.01,15476.8,10,5.5e-05,1.90526e-07,0.0221688,3.26848e-08,1.54768e+07
0.001,,0.129226,100,0.161551,0.05,15476.8,10,5.5e-05,1.90526e-07,0.0273378,4.03059e-08,1.54768e+07
0.001,,0.129226,100,0.161551,0.1,15476.8,10,5.5e-05,1.90526e-07,0.0337991,4.98321e-08,1.54768e+07
0.001,,0.129226,1000,1.61551,0.0001,154768,10,0.00055,1.90526e-06,0.208778,3.07815e-06,1.54768e+08
0.001,,0.129226,1000,1.61551,0.001,154768,10,0.00055,1.90526e-06,0.208895,3.07986e-06,1.54768e+08
0.001,,0.129226,1000,1.61551,0.005,154768,10,0.00055,1.90526e-06,0.209412,3.08748e-06,1.54768e+08
0.001,,0.129226,1000,1.61551,0.01,154768,10,0.00055,1.90526e-06,0.210058,3.09701e-06,1.54768e+08
0.001,,0.129226,1000,1.61551,0.05,154768,10,0.00055,1.90526e-06,0.215227,3.17322e-06,1.54768e+08
0.001,,0.129226,1000,1.61551,0.1,154768,10,0.00055,1.90526e-06,0.221688,3.26848e-06,1.54768e+08
0.01,,1.29226,1,0.00161551,0.0001,15.4768,10,5.5e-07,1.90526e-09,0.00221688,3.26848e-12,15476.8
0.01,,1.29226,1,0.00161551,0.001,15.4768,10,5.5e-07,1.90526e-09,0.00337991,4.98321e-12,15476.8
0.01,,1.29226,1,0.00161551,0.005,15.4768,10,5.5e-07,1.90526e-09,0.00854894,1.26042e-11,15476.8
0.01,,1.29226,1,0.00161551,0.01,15.4768,10,5.5e-07,1.90526e-09,0.0150102,2.21305e-11,15476.8
0.01,,1.29226,1,0.00161551,0.05,15.4768,10,5.5e-07,1.90526e-09,0.0667005,9.83408e-11,15476.8
0.01,,1.29226,1,0.00161551,0.1,15.4768,10,5.5e-07,1.90526e-09,0.131313,1.93604e-10,15476.8
0.01,,1.29226,10,0.0161551,0.0001,154.768,10,5.5e-06,1.90526e-08,0.0210058,3.09701e-10,154768
0.01,,1.29226,10,0.0161551,0.001,154.768,10,5.5e-06,1.90526e-08,0.0221688,3.26848e-10,154768
0.01,,1.29226,10,0.0161551,0.005,154.768,10,5.5e-06,1.90526e-08,0.0273378,4.03059e-10,154768
0.01,,1.29226,10,0.0161551,0.01,154.768,10,5.5e-06,1.90526e-08,0.0337991,4.98321e-10,154768
0.01,,1.29226,10,0.0161551,0.05,154.768,10,5.5e-06,1.90526e-08,0.0854894,1.26042e-09,154768
0.01,,1.29226,10,0.0161551,0.1,154.768,10,5.5e-06,1.90526e-08,0.150102,2.21305e-09,154768
0.01,,1.29226,100,0.161551,0.0001,1547.68,10,5.5e-05,1.90526e-07,0.208895,3.07986e-08,1.54768e+06
0.01,,1.29226,100,0.161551,0.001,1547.68,10,5.5e-05,1.90526e-07,0.210058,3.09701e-08,1.54768e+06
0.01,,1.29226,100,0.161551,0.005,1547.68,10,5.5e-05,1.90526e-07,0.215227,3.17322e-08,1.54768e+06
0.01,,1.29226,100,0.161551,0.01,1547.68,10,5.5e-05,1.90526e-07,0.221688,3.26848e-08,1.54768e+06
0.01,,1.29226,100,0.161551,0.05,1547.68,10,5.5e-05,1.90526e-07,0.273378,4.03059e-08,1.54768e+06
0.01,,1.29226,100,0.161551,0.1,1547.68,10,5.5e-05,1.90526e-07,0.337991,4.98321e-08,1.54768e+06
0.01,,1.29226,1000,1.61551,0.0001,15476.8,10,0.00055,1.90526e-06,2.08778,3.07815e-06,1.54768e+07
0.01,,1.29226,1000,1.61551,0.001,15476.8,10,0.00055,1.90526e-06,2.08895,3.07986e-06,1.54768e+07
0.01,,1.29226,1000,1.61551,0.005,15476.8,10,0.00055,1.90526e-06,2.09412,3.08748e-06,1.54768e+07
0.01,,1.29226,1000,1.61551,0.01,15476.8,10,0.00055,1.90526e-06,2.10058,3.09701e-06,1.54768e+07
0.01,,1.29226,1000,1.61551,0.05,15476.8,10,0.00055,1.90526e-06,2.15227,3.17322e-06,1.54768e+07
0.01,,1.29226,1000,1.61551,0.1,15476.8,10,0.00055,1.90526e-06,2.21688,3.26848e-06,1.54768e+07
0.1,,12.9226,1,0.00161551,0.0001,1.54768,1.54768,5.5e-07,3.12919e-08,0.0221688,5.36815e-11,1547.68
0.1,,12.9226,1,0.00161551,0.001,1.54768,1.54768,5.5e-07,3.12919e-08,0.0337991,8.18443e-11,1547.68
0.1,,12.9226,1,0.00161551,0.005,1.54768,1.54768,5.5e-07,3.12919e-08,0.0854894,2.07012e-10,1547.68
0.1,,12.9226,1,0.00161551,0.01,1.54768,1.54768,5.5e-07,3.12919e-08,0.150102,3.63471e-10,1547.68
0.1,,12.9226,1,0.00161551,0.05,1.54768,1.54768,5.5e-07,3.12919e-08,0.667005,1.61515e-09,1547.68
0.1,,12.9226,1,0.00161551,0.1,1.54768,1.54768,5.5e-07,3.12919e-08,1.31313,3.17974e-09,1547.68
0.1,,12.9226,10,0.0161551,0.0001,15.4768,10,5.5e-06,1.90526e-08,0.210058,3.09701e-10,15476.8
0.1,,12.9226,10,0.0161551,0.001,15.4768,10,5.5e-06,1.90526e-08,0.221688,3.26848e-10,15476.8
0.1,,12.9226,10,0.0161551,0.005,15.4768,10,5.5e-06,1.90526e-08,0.273378,4.03059e-10,15476.8
0.1,,12.9226,10,0.0161551,0.01,15.4768,10,5.5e-06,1.90526e-08,0.337991,4.98321e-10,15476.8
0.1,,12.9226,10,0.0161551,0.05,15.4768,10,5.5e-06,1.90526e-08,0.854894,1.26042e-09,15476.8
0.1,,12.9226,10,0.0161551,0.1,15.4768,10,5.5e-06,1.90526e-08,1.50102,2.21305e-09,15476.8
0.1,,12.9226,100,0.161551,0.0001,154.768,10,5.5e-05,1.90526e-07,2.08895,3.07986e-08,154768
0.1,,12.9226,100,0.161551,0.001,154.768,10,5.5e-05,1.90526e-07,2.10058,3.09701e-08,154768
0.1,,12.9226,100,0.161551,0.005,154.768,10,5.5e-05,1.90526e-07,2.15227,3.17322e-08,154768
0.1,,12.9226,100,0.161551,0.01,154.768,10,5.5e-05,1.90526e-07,2.21688,3.26848e-08,154768
0.1,,12.9226,100,0.161551,0.05,154.768,10,5.5e-05,1.90526e-07,2.73378,4.03059e-08,154768
0.1,,12.9226,100,0.161551,0.1,154.768,10,5.5e-05,1.90526e-07,3.37991,4.98321e-08,154768
0.1,,12.9226,1000,1.61551,0.0001,1547.68,10,0.00055,1.90526e-06,20.8778,3.07815e-06,1.54768e+06
0.1,,12.9226,1000,1.61551,0.001,1547.68,10,0.00055,1.90526e-06,20.8895,3.07986e-06,1.54768e+06
0.1,,12.9226,1000,1.61551,0.005,1547.68,10,0.00055,1.90526e-06,20.9412,3.08748e-06,1.54768e+06
0.1,,12.9226,1000,1.61551,0.01,1547.68,10,0.00055,1.90526e-06,21.0058,3.09701e-06,1.54768e+06
0.1,,12.9226,1000,1.61551,0.05,1547.68,10,0.00055,1.90526e-06,21.5227,3.17322e-06,1.54768e+06
0.1,,12.9226,1000,1.61551,0.1,1547.68,10,0.00055,1.90526e-06,22.1688,3.26848e-06,1.54768e+06
1,,129.224,1,0.00161551,0.0001,0.15477,0.15477,5.5e-07,9.89518e-07,0.221685,1.69753e-09,154.77
1,,129.224,1,0.00161551,0.001,0.15477,0.15477,5.5e-07,9.89518e-07,0.337987,2.58809e-09,154.77
1,,129.224,1,0.00161551,0.005,0.15477,0.15477,5.5e-07,9.89518e-07,0.854883,6.54617e-09,154.77
1,,129.224,1,0.00161551,0.01,0.15477,0.15477,5.5e-07,9.89518e-07,1.501,1.14938e-08,154.77
1,,129.224,1,0.00161551,0.05,0.15477,0.15477,5.5e-07,9.89518e-07,6.66997,5.10745e-08,154.77
1,,129.224,1,0.00161551,0.1,0.15477,0.15477,5.5e-07,9.89518e-07,13.1312,1.0055e-07,154.77
1,,129.224,10,0.0161551,0.0001,1.5477,1.5477,5.5e-06,3.12913e-07,2.10055,5.08643e-09,1547.7
1,,129.224,10,0.0161551,0.001,1.5477,1.5477,5.5e-06,3.12913e-07,2.21685,5.36805e-09,1547.7
1,,129.224,10,0.0161551,0.005,1.5477,1.5477,5.5e-06,3.12913e-07,2.73375,6.61971e-09,1547.7
1,,129.224,10,0.0161551,0.01,1.5477,1.5477,5.5e-06,3.12913e-07,3.37987,8.18427e-09,1547.7
1,,129.224,10,0.0161551,0.05,1.5477,1.5477,5.5e-06,3.12913e-07,8.54883,2.07008e-08,1547.7
1,,129.224,10,0.0161551,0.1,1.5477,1.5477,5.5e-06,3.12913e-07,15.01,3.63465e-08,1547.7
1,,129.224,100,0.161551,0.0001,15.477,10,5.5e-05,1.90526e-07,20.8892,3.07986e-08,15477
1,,129.224,100,0.161551,0.001,15.477,10,5.5e-05,1.90526e-07,21.0055,3.09701e-08,15477
1,,129.224,100,0.161551,0.005,15.477,10,5.5e-05,1.90526e-07,21.5224,3.17322e-08,15477
1,,129.224,100,0.161551,0.01,15.477,10,5.5e-05,1.90526e-07,22.1685,3.26848e-08,15477
1,,129.224,100,0.161551,0.05,15.477,10,5.5e-05,1.90526e-07,27.3375,4.03059e-08,15477
1,,129.224,100,0.161551,0.1,15.477,10,5.5e-05,1.90526e-07,33.7987,4.98321e-08,15477
1,,129.224,1000,1.61551,0.0001,154.77,10,0.00055,1.90526e-06,208.776,3.07815e-06,154770
1,,129.224,1000,1.61551,0.001,154.77,10,0.00055,1.90526e-06,208.892,3.07986e-06,154770
1,,129.224,1000,1.61551,0.005,154.77,10,0.00055,1.90526e-06,209.409,3.08748e-06,154770
1,,129.224,1000,1.61551,0.01,154.77,10,0.00055,1.90526e-06,210.055,3.09701e-06,154770
1,,129.224,1000,1.61551,0.05,154.77,10,0.00055,1.90526e-06,215.224,3.17322e-06,154770
1,,129.224,1000,1.61551,0.1,154.77,10,0.00055,1.90526e-06,221.685,3.26848e-06,154770
8.5,,1097.41,1,0.00161551,0.0001,0.0182247,0.0182247,5.5e-07,2.44885e-05,1.88262,4.20103e-08,18.2247
8.5,,1097.41,1,0.00161551,0.001,0.0182247,0.0182247,5.5e-07,2.44885e-05,2.87029,6.405e-08,18.2247
8.5,,1097.41,1,0.00161551,0.005,0.0182247,0.0182247,5.5e-07,2.44885e-05,7.25994,1.62004e-07,18.2247
8.5,,1097.41,1,0.00161551,0.01,0.0182247,0.0182247,5.5e-07,2.44885e-05,12.747,2.84447e-07,18.2247
8.5,,1097.41,1,0.00161551,0.05,0.0182247,0.0182247,5.5e-07,2.44885e-05,56.6435,1.26399e-06,18.2247
8.5,,1097.41,1,0.00161551,0.1,0.0182247,0.0182247,5.5e-07,2.44885e-05,111.514,2.48842e-06,18.2247
8.5,,1097.41,10,0.0161551,0.0001,0.182247,0.182247,5.5e-06,7.74396e-06,17.8385,1.25879e-07,182.247
8.5,,1097.41,10,0.0161551,0.001,0.182247,0.182247,5.5e-06,7.74396e-06,18.8262,1.32848e-07,182.247
8.5,,1097.41,10,0.0161551,0.005,0.182247,0.182247,5.5e-06,7.74396e-06,23.2159,1.63824e-07,182.247
8.5,,1097.41,10,0.0161551,0.01,0.182247,0.182247,5.5e-06,7.74396e-06,28.7029,2.02544e-07,182.247
8.5,,1097.41,10,0.0161551,0.05,0.182247,0.182247,5.5e-06,7.74396e-06,72.5994,5.12302e-07,182.247
8.5,,1097.41,10,0.0161551,0.1,0.182247,0.182247,5.5e-06,7.74396e-06,127.47,8.995e-07,182.247
8.5,,1097.41,100,0.161551,0.0001,1.82247,1.82247,5.5e-05,2.44885e-06,177.398,3.9586e-07,1822.47
8.5,,1097.41,100,0.161551,0.001,1.82247,1.82247,5.5e-05,2.44885e-06,178.385,3.98063e-07,1822.47
8.5,,1097.41,100,0.161551,0.005,1.82247,1.82247,5.5e-05,2.44885e-06,182.775,4.07859e-07,1822.47
8.5,,1097.41,100,0.161551,0.01,1.82247,1.82247,5.5e-05,2.44885e-06,188.262,4.20103e-07,1822.47
8.5,,1097.41,100,0.161551,0.05,1.82247,1.82247,5.5e-05,2.44885e-06,232.159,5.18057e-07,1822.47
8.5,,1097.41,100,0.161551,0.1,1.82247,1.82247,5.5e-05,2.44885e-06,287.029,6.405e-07,1822.47
8.5,,1097.41,1000,1.61551,0.0001,18.2247,10,0.00055,1.90526e-06,1772.99,3.07815e-06,18224.7
8.5,,1097.41,1000,1.61551,0.001,18.2247,10,0.00055,1.90526e-06,1773.98,3.07986e-06,18224.7
8.5,,1097.41,1000,1.61551,0.005,18.2247,10,0.00055,1.90526e-06,1778.37,3.08748e-06,18224.7
8.5,,1097.41,1000,1.61551,0.01,18.2247,10,0.00055,1.90526e-06,1783.85,3.09701e-06,18224.7
8.5,,1097.41,1000,1.61551,0.05,18.2247,10,0.00055,1.90526e-06,1827.75,3.17322e-06,18224.7
8.5,,1097.41,1000,1.61551,0.1,18.2247,10,0.00055,1.90526e-06,1882.62,3.26848e-06,18224.7
45,,5666.85,1,0.00161551,0.0001,0.0035293,0.0035293,5.5e-07,0.000287356,9.72153,4.92962e-07,3.5293
45,,5666.85,1,0.00161551,0.001,0.0035293,0.0035293,5.5e-07,0.000287356,14.8217,7.51583e-07,3.5293
45,,5666.85,1,0.00161551,0.005,0.0035293,0.0035293,5.5e-07,0.000287356,37.4891,1.90101e-06,3.5293
45,,5666.85,1,0.00161551,0.01,0.0035293,0.0035293,5.5e-07,0.000287356,65.8233,3.33779e-06,3.5293
45,,5666.85,1,0.00161551,0.05,0.0035293,0.0035293,5.5e-07,0.000287356,292.497,1.4832e-05,3.5293
45,,5666.85,1,0.00161551,0.1,0.0035293,0.0035293,5.5e-07,0.000287356,575.84,2.91998e-05,3.5293
45,,5666.85,10,0.0161551,0.0001,0.035293,0.035293,5.5e-06,9.087e-05,92.1151,1.4771e-06,35.293
45,,5666.85,10,0.0161551,0.001,0.035293,0.035293,5.5e-06,9.087e-05,97.2153,1.55888e-06,35.293
45,,5666.85,10,0.0161551,0.005,0.035293,0.035293,5.5e-06,9.087e-05,119.883,1.92236e-06,35.293
45,,5666.85,10,0.0161551,0.01,0.035293,0.035293,5.5e-06,9.087e-05,148.217,2.37671e-06,35.293
45,,5666.85,10,0.0161551,0.05,0.035293,0.035293,5.5e-06,9.087e-05,374.891,6.01151e-06,35.293
45,,5666.85,10,0.0161551,0.1,0.035293,0.035293,5.5e-06,9.087e-05,658.233,1.0555e-05,35.293
45,,5666.85,100,0.161551,0.0001,0.35293,0.35293,5.5e-05,2.87356e-05,916.051,4.64514e-06,352.93
45,,5666.85,100,0.161551,0.001,0.35293,0.35293,5.5e-05,2.87356e-05,921.151,4.671e-06,352.93
45,,5666.85,100,0.161551,0.005,0.35293,0.35293,5.5e-05,2.87356e-05,943.818,4.78594e-06,352.93
45,,5666.85,100,0.161551,0.01,0.35293,0.35293,5.5e-05,2.87356e-05,972.153,4.92962e-06,352.93
45,,5666.85,100,0.161551,0.05,0.35293,0.35293,5.5e-05,2.87356e-05,1198.83,6.07905e-06,352.93
45,,5666.85,100,0.161551,0.1,0.35293,0.35293,5.5e-05,2.87356e-05,1482.17,7.51583e-06,352.93
45,,5666.85,1000,1.61551,0.0001,3.5293,3.5293,0.00055,9.087e-06,9155.41,1.4681e-05,3529.3
45,,5666.85,1000,1.61551,0.001,3.5293,3.5293,0.00055,9.087e-06,9160.51,1.46892e-05,3529.3
45,,5666.85,1000,1.61551,0.005,3.5293,3.5293,0.00055,9.087e-06,9183.18,1.47256e-05,3529.3
45,,5666.85,1000,1.61551,0.01,3.5293,3.5293,0.00055,9.087e-06,9211.51,1.4771e-05,3529.3
45,,5666.85,1000,1.61551,0.05,3.5293,3.5293,0.00055,9.087e-06,9438.18,1.51345e-05,3529.3
45,,5666.85,1000,1.61551,0.1,3.5293,3.5293,0.00055,9.087e-06,9721.53,1.55888e-05,3529.3
