v_rel_m_s,R_m,tof_s,dv_T_m_s,sigma_cloud_m,d_target_cm,delivered_fraction_centred,small_target_approx,mass_penalty_centred
400,1,0.0025,0.001,2.5e-06,1,1,2e+06,1
400,1,0.0025,0.001,2.5e-06,5,1,5e+07,1
400,1,0.0025,0.001,2.5e-06,10,1,2e+08,1
400,1,0.0025,0.01,2.5e-05,1,1,20000,1
400,1,0.0025,0.01,2.5e-05,5,1,500000,1
400,1,0.0025,0.01,2.5e-05,10,1,2e+06,1
400,1,0.0025,0.1,0.00025,1,1,200,1
400,1,0.0025,0.1,0.00025,5,1,5000,1
400,1,0.0025,0.1,0.00025,10,1,20000,1
400,1,0.0025,0.3,0.00075,1,1,22.2222,1
400,1,0.0025,0.3,0.00075,5,1,555.556,1
400,1,0.0025,0.3,0.00075,10,1,2222.22,1
400,1,0.0025,1,0.0025,1,0.864665,2,1.15652
400,1,0.0025,1,0.0025,5,1,50,1
400,1,0.0025,1,0.0025,10,1,200,1
400,1,0.0025,3,0.0075,1,0.199263,0.222222,5.0185
400,1,0.0025,3,0.0075,5,0.996134,5.55556,1.00388
400,1,0.0025,3,0.0075,10,1,22.2222,1
400,5,0.0125,0.001,1.25e-05,1,1,80000,1
400,5,0.0125,0.001,1.25e-05,5,1,2e+06,1
400,5,0.0125,0.001,1.25e-05,10,1,8e+06,1
400,5,0.0125,0.01,0.000125,1,1,800,1
400,5,0.0125,0.01,0.000125,5,1,20000,1
400,5,0.0125,0.01,0.000125,10,1,80000,1
400,5,0.0125,0.1,0.00125,1,0.999665,8,1.00034
400,5,0.0125,0.1,0.00125,5,1,200,1
400,5,0.0125,0.1,0.00125,10,1,800,1
400,5,0.0125,0.3,0.00375,1,0.588888,0.888889,1.69812
400,5,0.0125,0.3,0.00375,5,1,22.2222,1
400,5,0.0125,0.3,0.00375,10,1,88.8889,1
400,5,0.0125,1,0.0125,1,0.0768837,0.08,13.0067
400,5,0.0125,1,0.0125,5,0.864665,2,1.15652
400,5,0.0125,1,0.0125,10,0.999665,8,1.00034
400,5,0.0125,3,0.0375,1,0.0088495,0.00888889,113.001
400,5,0.0125,3,0.0375,5,0.199263,0.222222,5.0185
400,5,0.0125,3,0.0375,10,0.588888,0.888889,1.69812
400,10,0.025,0.001,2.5e-05,1,1,20000,1
400,10,0.025,0.001,2.5e-05,5,1,500000,1
400,10,0.025,0.001,2.5e-05,10,1,2e+06,1
400,10,0.025,0.01,0.00025,1,1,200,1
400,10,0.025,0.01,0.00025,5,1,5000,1
400,10,0.025,0.01,0.00025,10,1,20000,1
400,10,0.025,0.1,0.0025,1,0.864665,2,1.15652
400,10,0.025,0.1,0.0025,5,1,50,1
400,10,0.025,0.1,0.0025,10,1,200,1
400,10,0.025,0.3,0.0075,1,0.199263,0.222222,5.0185
400,10,0.025,0.3,0.0075,5,0.996134,5.55556,1.00388
400,10,0.025,0.3,0.0075,10,1,22.2222,1
400,10,0.025,1,0.025,1,0.0198013,0.02,50.5017
400,10,0.025,1,0.025,5,0.393469,0.5,2.54149
400,10,0.025,1,0.025,10,0.864665,2,1.15652
400,10,0.025,3,0.075,1,0.00221975,0.00222222,450.5
400,10,0.025,3,0.075,5,0.0540405,0.0555556,18.5046
400,10,0.025,3,0.075,10,0.199263,0.222222,5.0185
400,50,0.125,0.001,0.000125,1,1,800,1
400,50,0.125,0.001,0.000125,5,1,20000,1
400,50,0.125,0.001,0.000125,10,1,80000,1
400,50,0.125,0.01,0.00125,1,0.999665,8,1.00034
400,50,0.125,0.01,0.00125,5,1,200,1
400,50,0.125,0.01,0.00125,10,1,800,1
400,50,0.125,0.1,0.0125,1,0.0768837,0.08,13.0067
400,50,0.125,0.1,0.0125,5,0.864665,2,1.15652
400,50,0.125,0.1,0.0125,10,0.999665,8,1.00034
400,50,0.125,0.3,0.0375,1,0.0088495,0.00888889,113.001
400,50,0.125,0.3,0.0375,5,0.199263,0.222222,5.0185
400,50,0.125,0.3,0.0375,10,0.588888,0.888889,1.69812
400,50,0.125,1,0.125,1,0.00079968,0.0008,1250.5
400,50,0.125,1,0.125,5,0.0198013,0.02,50.5017
400,50,0.125,1,0.125,10,0.0768837,0.08,13.0067
400,50,0.125,3,0.375,1,8.88849e-05,8.88889e-05,11250.5
400,50,0.125,3,0.375,5,0.00221975,0.00222222,450.5
400,50,0.125,3,0.375,10,0.0088495,0.00888889,113.001
400,100,0.25,0.001,0.00025,1,1,200,1
400,100,0.25,0.001,0.00025,5,1,5000,1
400,100,0.25,0.001,0.00025,10,1,20000,1
400,100,0.25,0.01,0.0025,1,0.864665,2,1.15652
400,100,0.25,0.01,0.0025,5,1,50,1
400,100,0.25,0.01,0.0025,10,1,200,1
400,100,0.25,0.1,0.025,1,0.0198013,0.02,50.5017
400,100,0.25,0.1,0.025,5,0.393469,0.5,2.54149
400,100,0.25,0.1,0.025,10,0.864665,2,1.15652
400,100,0.25,0.3,0.075,1,0.00221975,0.00222222,450.5
400,100,0.25,0.3,0.075,5,0.0540405,0.0555556,18.5046
400,100,0.25,0.3,0.075,10,0.199263,0.222222,5.0185
400,100,0.25,1,0.25,1,0.00019998,0.0002,5000.5
400,100,0.25,1,0.25,5,0.00498752,0.005,200.5
400,100,0.25,1,0.25,10,0.0198013,0.02,50.5017
400,100,0.25,3,0.75,1,2.2222e-05,2.22222e-05,45000.5
400,100,0.25,3,0.75,5,0.000555401,0.000555556,1800.5
400,100,0.25,3,0.75,10,0.00221975,0.00222222,450.5
619,1,0.00161551,0.001,1.61551e-06,1,1,4.78951e+06,1
619,1,0.00161551,0.001,1.61551e-06,5,1,1.19738e+08,1
619,1,0.00161551,0.001,1.61551e-06,10,1,4.78951e+08,1
619,1,0.00161551,0.01,1.61551e-05,1,1,47895.1,1
619,1,0.00161551,0.01,1.61551e-05,5,1,1.19738e+06,1
619,1,0.00161551,0.01,1.61551e-05,10,1,4.78951e+06,1
619,1,0.00161551,0.1,0.000161551,1,1,478.951,1
619,1,0.00161551,0.1,0.000161551,5,1,11973.8,1
619,1,0.00161551,0.1,0.000161551,10,1,47895.1,1
619,1,0.00161551,0.3,0.000484653,1,1,53.2168,1
619,1,0.00161551,0.3,0.000484653,5,1,1330.42,1
619,1,0.00161551,0.3,0.000484653,10,1,5321.68,1
619,1,0.00161551,1,0.00161551,1,0.991683,4.78951,1.00839
619,1,0.00161551,1,0.00161551,5,1,119.738,1
619,1,0.00161551,1,0.00161551,10,1,478.951,1
619,1,0.00161551,3,0.00484653,1,0.41267,0.532168,2.42325
619,1,0.00161551,3,0.00484653,5,0.999998,13.3042,1
619,1,0.00161551,3,0.00484653,10,1,53.2168,1
619,5,0.00807754,0.001,8.07754e-06,1,1,191581,1
619,5,0.00807754,0.001,8.07754e-06,5,1,4.78951e+06,1
619,5,0.00807754,0.001,8.07754e-06,10,1,1.91581e+07,1
619,5,0.00807754,0.01,8.07754e-05,1,1,1915.8,1
619,5,0.00807754,0.01,8.07754e-05,5,1,47895.1,1
619,5,0.00807754,0.01,8.07754e-05,10,1,191580,1
619,5,0.00807754,0.1,0.000807754,1,1,19.158,1
619,5,0.00807754,0.1,0.000807754,5,1,478.951,1
619,5,0.00807754,0.1,0.000807754,10,1,1915.81,1
619,5,0.00807754,0.3,0.00242326,1,0.881005,2.12867,1.13507
619,5,0.00807754,0.3,0.00242326,5,1,53.2168,1
619,5,0.00807754,0.3,0.00242326,10,1,212.867,1
619,5,0.00807754,1,0.00807754,1,0.174347,0.191581,5.73569
619,5,0.00807754,1,0.00807754,5,0.991683,4.78951,1.00839
619,5,0.00807754,1,0.00807754,10,1,19.1581,1
619,5,0.00807754,3,0.0242326,1,0.0210618,0.0212867,47.4794
619,5,0.00807754,3,0.0242326,5,0.41267,0.532168,2.42325
619,5,0.00807754,3,0.0242326,10,0.881005,2.12867,1.13507
619,10,0.0161551,0.001,1.61551e-05,1,1,47895.1,1
619,10,0.0161551,0.001,1.61551e-05,5,1,1.19738e+06,1
619,10,0.0161551,0.001,1.61551e-05,10,1,4.78951e+06,1
619,10,0.0161551,0.01,0.000161551,1,1,478.951,1
619,10,0.0161551,0.01,0.000161551,5,1,11973.8,1
619,10,0.0161551,0.01,0.000161551,10,1,47895.1,1
619,10,0.0161551,0.1,0.00161551,1,0.991683,4.78951,1.00839
619,10,0.0161551,0.1,0.00161551,5,1,119.738,1
619,10,0.0161551,0.1,0.00161551,10,1,478.951,1
619,10,0.0161551,0.3,0.00484653,1,0.41267,0.532168,2.42325
619,10,0.0161551,0.3,0.00484653,5,0.999998,13.3042,1
619,10,0.0161551,0.3,0.00484653,10,1,53.2168,1
619,10,0.0161551,1,0.0161551,1,0.0467662,0.0478951,21.3829
619,10,0.0161551,1,0.0161551,5,0.698015,1.19738,1.43263
619,10,0.0161551,1,0.0161551,10,0.991683,4.78951,1.00839
619,10,0.0161551,3,0.0484653,1,0.00530755,0.00532168,188.411
619,10,0.0161551,3,0.0484653,5,0.124572,0.133042,8.02751
619,10,0.0161551,3,0.0484653,10,0.41267,0.532168,2.42325
619,50,0.0807754,0.001,8.07754e-05,1,1,1915.8,1
619,50,0.0807754,0.001,8.07754e-05,5,1,47895.1,1
619,50,0.0807754,0.001,8.07754e-05,10,1,191580,1
619,50,0.0807754,0.01,0.000807754,1,1,19.158,1
619,50,0.0807754,0.01,0.000807754,5,1,478.951,1
619,50,0.0807754,0.01,0.000807754,10,1,1915.81,1
619,50,0.0807754,0.1,0.00807754,1,0.174347,0.191581,5.73569
619,50,0.0807754,0.1,0.00807754,5,0.991683,4.78951,1.00839
619,50,0.0807754,0.1,0.00807754,10,1,19.1581,1
619,50,0.0807754,0.3,0.0242326,1,0.0210618,0.0212867,47.4794
619,50,0.0807754,0.3,0.0242326,5,0.41267,0.532168,2.42325
619,50,0.0807754,0.3,0.0242326,10,0.881005,2.12867,1.13507
619,50,0.0807754,1,0.0807754,1,0.00191397,0.0019158,522.474
619,50,0.0807754,1,0.0807754,5,0.0467662,0.0478951,21.3829
619,50,0.0807754,1,0.0807754,10,0.174347,0.19158,5.73569
619,50,0.0807754,3,0.242326,1,0.000212845,0.000212867,4698.26
619,50,0.0807754,3,0.242326,5,0.00530755,0.00532168,188.411
619,50,0.0807754,3,0.242326,10,0.0210618,0.0212867,47.4794
619,100,0.161551,0.001,0.000161551,1,1,478.951,1
619,100,0.161551,0.001,0.000161551,5,1,11973.8,1
619,100,0.161551,0.001,0.000161551,10,1,47895.1,1
619,100,0.161551,0.01,0.00161551,1,0.991683,4.78951,1.00839
619,100,0.161551,0.01,0.00161551,5,1,119.738,1
619,100,0.161551,0.01,0.00161551,10,1,478.951,1
619,100,0.161551,0.1,0.0161551,1,0.0467662,0.0478951,21.3829
619,100,0.161551,0.1,0.0161551,5,0.698015,1.19738,1.43263
619,100,0.161551,0.1,0.0161551,10,0.991683,4.78951,1.00839
619,100,0.161551,0.3,0.0484653,1,0.00530755,0.00532168,188.411
619,100,0.161551,0.3,0.0484653,5,0.124572,0.133042,8.02751
619,100,0.161551,0.3,0.0484653,10,0.41267,0.532168,2.42325
619,100,0.161551,1,0.161551,1,0.000478837,0.000478951,2088.4
619,100,0.161551,1,0.161551,5,0.0119024,0.0119738,84.0168
619,100,0.161551,1,0.161551,10,0.0467662,0.0478951,21.3829
619,100,0.161551,3,0.484653,1,5.32154e-05,5.32168e-05,18791.6
619,100,0.161551,3,0.484653,5,0.00132954,0.00133042,752.142
619,100,0.161551,3,0.484653,10,0.00530755,0.00532168,188.411
1000,1,0.001,0.001,1e-06,1,1,1.25e+07,1
1000,1,0.001,0.001,1e-06,5,1,3.125e+08,1
1000,1,0.001,0.001,1e-06,10,1,1.25e+09,1
1000,1,0.001,0.01,1e-05,1,1,125000,1
1000,1,0.001,0.01,1e-05,5,1,3.125e+06,1
1000,1,0.001,0.01,1e-05,10,1,1.25e+07,1
1000,1,0.001,0.1,0.0001,1,1,1250,1
1000,1,0.001,0.1,0.0001,5,1,31250,1
1000,1,0.001,0.1,0.0001,10,1,125000,1
1000,1,0.001,0.3,0.0003,1,1,138.889,1
1000,1,0.001,0.3,0.0003,5,1,3472.22,1
1000,1,0.001,0.3,0.0003,10,1,13888.9,1
1000,1,0.001,1,0.001,1,0.999996,12.5,1
1000,1,0.001,1,0.001,5,1,312.5,1
1000,1,0.001,1,0.001,10,1,1250,1
1000,1,0.001,3,0.003,1,0.750648,1.38889,1.33218
1000,1,0.001,3,0.003,5,1,34.7222,1
1000,1,0.001,3,0.003,10,1,138.889,1
1000,5,0.005,0.001,5e-06,1,1,500000,1
1000,5,0.005,0.001,5e-06,5,1,1.25e+07,1
1000,5,0.005,0.001,5e-06,10,1,5e+07,1
1000,5,0.005,0.01,5e-05,1,1,5000,1
1000,5,0.005,0.01,5e-05,5,1,125000,1
1000,5,0.005,0.01,5e-05,10,1,500000,1
1000,5,0.005,0.1,0.0005,1,1,50,1
1000,5,0.005,0.1,0.0005,5,1,1250,1
1000,5,0.005,0.1,0.0005,10,1,5000,1
1000,5,0.005,0.3,0.0015,1,0.996134,5.55556,1.00388
1000,5,0.005,0.3,0.0015,5,1,138.889,1
1000,5,0.005,0.3,0.0015,10,1,555.556,1
1000,5,0.005,1,0.005,1,0.393469,0.5,2.54149
1000,5,0.005,1,0.005,5,0.999996,12.5,1
1000,5,0.005,1,0.005,10,1,50,1
1000,5,0.005,3,0.015,1,0.0540405,0.0555556,18.5046
1000,5,0.005,3,0.015,5,0.750648,1.38889,1.33218
1000,5,0.005,3,0.015,10,0.996134,5.55556,1.00388
1000,10,0.01,0.001,1e-05,1,1,125000,1
1000,10,0.01,0.001,1e-05,5,1,3.125e+06,1
1000,10,0.01,0.001,1e-05,10,1,1.25e+07,1
1000,10,0.01,0.01,0.0001,1,1,1250,1
1000,10,0.01,0.01,0.0001,5,1,31250,1
1000,10,0.01,0.01,0.0001,10,1,125000,1
1000,10,0.01,0.1,0.001,1,0.999996,12.5,1
1000,10,0.01,0.1,0.001,5,1,312.5,1
1000,10,0.01,0.1,0.001,10,1,1250,1
1000,10,0.01,0.3,0.003,1,0.750648,1.38889,1.33218
1000,10,0.01,0.3,0.003,5,1,34.7222,1
1000,10,0.01,0.3,0.003,10,1,138.889,1
1000,10,0.01,1,0.01,1,0.117503,0.125,8.51041
1000,10,0.01,1,0.01,5,0.956063,3.125,1.04596
1000,10,0.01,1,0.01,10,0.999996,12.5,1
1000,10,0.01,3,0.03,1,0.0137929,0.0138889,72.5012
1000,10,0.01,3,0.03,5,0.293352,0.347222,3.40888
1000,10,0.01,3,0.03,10,0.750648,1.38889,1.33218
1000,50,0.05,0.001,5e-05,1,1,5000,1
1000,50,0.05,0.001,5e-05,5,1,125000,1
1000,50,0.05,0.001,5e-05,10,1,500000,1
1000,50,0.05,0.01,0.0005,1,1,50,1
1000,50,0.05,0.01,0.0005,5,1,1250,1
1000,50,0.05,0.01,0.0005,10,1,5000,1
1000,50,0.05,0.1,0.005,1,0.393469,0.5,2.54149
1000,50,0.05,0.1,0.005,5,0.999996,12.5,1
1000,50,0.05,0.1,0.005,10,1,50,1
1000,50,0.05,0.3,0.015,1,0.0540405,0.0555556,18.5046
1000,50,0.05,0.3,0.015,5,0.750648,1.38889,1.33218
1000,50,0.05,0.3,0.015,10,0.996134,5.55556,1.00388
1000,50,0.05,1,0.05,1,0.00498752,0.005,200.5
1000,50,0.05,1,0.05,5,0.117503,0.125,8.51041
1000,50,0.05,1,0.05,10,0.393469,0.5,2.54149
1000,50,0.05,3,0.15,1,0.000555401,0.000555556,1800.5
1000,50,0.05,3,0.15,5,0.0137929,0.0138889,72.5012
1000,50,0.05,3,0.15,10,0.0540405,0.0555556,18.5046
1000,100,0.1,0.001,0.0001,1,1,1250,1
1000,100,0.1,0.001,0.0001,5,1,31250,1
1000,100,0.1,0.001,0.0001,10,1,125000,1
1000,100,0.1,0.01,0.001,1,0.999996,12.5,1
1000,100,0.1,0.01,0.001,5,1,312.5,1
1000,100,0.1,0.01,0.001,10,1,1250,1
1000,100,0.1,0.1,0.01,1,0.117503,0.125,8.51041
1000,100,0.1,0.1,0.01,5,0.956063,3.125,1.04596
1000,100,0.1,0.1,0.01,10,0.999996,12.5,1
1000,100,0.1,0.3,0.03,1,0.0137929,0.0138889,72.5012
1000,100,0.1,0.3,0.03,5,0.293352,0.347222,3.40888
1000,100,0.1,0.3,0.03,10,0.750648,1.38889,1.33218
1000,100,0.1,1,0.1,1,0.00124922,0.00125,800.5
1000,100,0.1,1,0.1,5,0.0307668,0.03125,32.5026
1000,100,0.1,1,0.1,10,0.117503,0.125,8.51041
1000,100,0.1,3,0.3,1,0.000138879,0.000138889,7200.5
1000,100,0.1,3,0.3,5,0.0034662,0.00347222,288.5
1000,100,0.1,3,0.3,10,0.0137929,0.0138889,72.5012
