h_km,beta,v_rel_m_s,d_debris_cm,m_t_g,m_p_min_g,m_p_design_g,f_h_g_per_g,f_h_v4_direct_g_per_g,f_ratio_v4_over_v5,Es_kJ_kg,Es_below_threshold,d_grain_Re_mm_if_single,d_grain_W_mm_if_single
400,1,400,0.5,0.176715,0.0255018,0.0510036,0.288621,0.43705,1.51427,23.0897,True,1.66747,1.71682
400,1,400,1,1.41372,0.204014,0.408029,0.288621,0.43705,1.51427,23.0897,True,3.33495,3.43363
400,1,400,2,11.3097,1.63211,3.26423,0.288621,0.43705,1.51427,23.0897,True,6.66989,6.86726
400,1,400,5,176.715,25.5018,51.0036,0.288621,0.43705,1.51427,23.0897,True,16.6747,17.1682
400,1,400,10,1413.72,204.014,408.029,0.288621,0.43705,1.51427,23.0897,True,33.3495,34.3363
400,1,619,0.5,0.176715,0.0164793,0.0329587,0.186508,0.282423,1.51427,35.7313,True,1.44161,1.48427
400,1,619,1,1.41372,0.131835,0.26367,0.186508,0.282423,1.51427,35.7313,True,2.88322,2.96854
400,1,619,2,11.3097,1.05468,2.10936,0.186508,0.282423,1.51427,35.7313,True,5.76645,5.93709
400,1,619,5,176.715,16.4793,32.9587,0.186508,0.282423,1.51427,35.7313,True,14.4161,14.8427
400,1,619,10,1413.72,131.835,263.67,0.186508,0.282423,1.51427,35.7313,True,28.8322,29.6854
400,1,800,0.5,0.176715,0.0127509,0.0255018,0.144311,0.218525,1.51427,46.1794,False,1.32347,1.36264
400,1,800,1,1.41372,0.102007,0.204014,0.144311,0.218525,1.51427,46.1794,False,2.64695,2.72528
400,1,800,2,11.3097,0.816057,1.63211,0.144311,0.218525,1.51427,46.1794,False,5.2939,5.45055
400,1,800,5,176.715,12.7509,25.5018,0.144311,0.218525,1.51427,46.1794,False,13.2347,13.6264
400,1,800,10,1413.72,102.007,204.014,0.144311,0.218525,1.51427,46.1794,False,26.4695,27.2528
400,1,1000,0.5,0.176715,0.0102007,0.0204014,0.115449,0.17482,1.51427,57.7243,False,1.2286,1.26496
400,1,1000,1,1.41372,0.0816057,0.163211,0.115449,0.17482,1.51427,57.7243,False,2.45721,2.52992
400,1,1000,2,11.3097,0.652846,1.30569,0.115449,0.17482,1.51427,57.7243,False,4.91442,5.05984
400,1,1000,5,176.715,10.2007,20.4014,0.115449,0.17482,1.51427,57.7243,False,12.286,12.6496
400,1,1000,10,1413.72,81.6057,163.211,0.115449,0.17482,1.51427,57.7243,False,24.5721,25.2992
400,1.5,400,0.5,0.176715,0.0170012,0.0340024,0.192414,0.291367,1.51427,15.3931,True,1.45667,1.49978
400,1.5,400,1,1.41372,0.13601,0.272019,0.192414,0.291367,1.51427,15.3931,True,2.91334,2.99955
400,1.5,400,2,11.3097,1.08808,2.17615,0.192414,0.291367,1.51427,15.3931,True,5.82669,5.99911
400,1.5,400,5,176.715,17.0012,34.0024,0.192414,0.291367,1.51427,15.3931,True,14.5667,14.9978
400,1.5,400,10,1413.72,136.01,272.019,0.192414,0.291367,1.51427,15.3931,True,29.1334,29.9955
400,1.5,619,0.5,0.176715,0.0109862,0.0219725,0.124339,0.188282,1.51427,23.8209,True,1.25936,1.29663
400,1.5,619,1,1.41372,0.0878899,0.17578,0.124339,0.188282,1.51427,23.8209,True,2.51873,2.59326
400,1.5,619,2,11.3097,0.703119,1.40624,0.124339,0.188282,1.51427,23.8209,True,5.03746,5.18652
400,1.5,619,5,176.715,10.9862,21.9725,0.124339,0.188282,1.51427,23.8209,True,12.5936,12.9663
400,1.5,619,10,1413.72,87.8899,175.78,0.124339,0.188282,1.51427,23.8209,True,25.1873,25.9326
400,1.5,800,0.5,0.176715,0.0085006,0.0170012,0.0962071,0.145683,1.51427,30.7863,True,1.15616,1.19037
400,1.5,800,1,1.41372,0.0680048,0.13601,0.0962071,0.145683,1.51427,30.7863,True,2.31232,2.38075
400,1.5,800,2,11.3097,0.544038,1.08808,0.0962071,0.145683,1.51427,30.7863,True,4.62464,4.7615
400,1.5,800,5,176.715,8.5006,17.0012,0.0962071,0.145683,1.51427,30.7863,True,11.5616,11.9037
400,1.5,800,10,1413.72,68.0048,136.01,0.0962071,0.145683,1.51427,30.7863,True,23.1232,23.8075
400,1.5,1000,0.5,0.176715,0.00680048,0.013601,0.0769657,0.116547,1.51427,38.4828,True,1.07328,1.10505
400,1.5,1000,1,1.41372,0.0544038,0.108808,0.0769657,0.116547,1.51427,38.4828,True,2.14657,2.21009
400,1.5,1000,2,11.3097,0.435231,0.870461,0.0769657,0.116547,1.51427,38.4828,True,4.29314,4.42018
400,1.5,1000,5,176.715,6.80048,13.601,0.0769657,0.116547,1.51427,38.4828,True,10.7328,11.0505
400,1.5,1000,10,1413.72,54.4038,108.808,0.0769657,0.116547,1.51427,38.4828,True,21.4657,22.1009
400,2,400,0.5,0.176715,0.0127509,0.0255018,0.144311,0.218525,1.51427,11.5449,True,1.32347,1.36264
400,2,400,1,1.41372,0.102007,0.204014,0.144311,0.218525,1.51427,11.5449,True,2.64695,2.72528
400,2,400,2,11.3097,0.816057,1.63211,0.144311,0.218525,1.51427,11.5449,True,5.2939,5.45055
400,2,400,5,176.715,12.7509,25.5018,0.144311,0.218525,1.51427,11.5449,True,13.2347,13.6264
400,2,400,10,1413.72,102.007,204.014,0.144311,0.218525,1.51427,11.5449,True,26.4695,27.2528
400,2,619,0.5,0.176715,0.00823967,0.0164793,0.093254,0.141212,1.51427,17.8657,True,1.14421,1.17807
400,2,619,1,1.41372,0.0659174,0.131835,0.093254,0.141212,1.51427,17.8657,True,2.28842,2.35614
400,2,619,2,11.3097,0.527339,1.05468,0.093254,0.141212,1.51427,17.8657,True,4.57683,4.71227
400,2,619,5,176.715,8.23967,16.4793,0.093254,0.141212,1.51427,17.8657,True,11.4421,11.7807
400,2,619,10,1413.72,65.9174,131.835,0.093254,0.141212,1.51427,17.8657,True,22.8842,23.5614
400,2,800,0.5,0.176715,0.00637545,0.0127509,0.0721553,0.109262,1.51427,23.0897,True,1.05044,1.08153
400,2,800,1,1.41372,0.0510036,0.102007,0.0721553,0.109262,1.51427,23.0897,True,2.10088,2.16305
400,2,800,2,11.3097,0.408029,0.816057,0.0721553,0.109262,1.51427,23.0897,True,4.20177,4.32611
400,2,800,5,176.715,6.37545,12.7509,0.0721553,0.109262,1.51427,23.0897,True,10.5044,10.8153
400,2,800,10,1413.72,51.0036,102.007,0.0721553,0.109262,1.51427,23.0897,True,21.0088,21.6305
400,2,1000,0.5,0.176715,0.00510036,0.0102007,0.0577243,0.08741,1.51427,28.8621,True,0.975144,1.004
400,2,1000,1,1.41372,0.0408029,0.0816057,0.0577243,0.08741,1.51427,28.8621,True,1.95029,2.008
400,2,1000,2,11.3097,0.326423,0.652846,0.0577243,0.08741,1.51427,28.8621,True,3.90058,4.016
400,2,1000,5,176.715,5.10036,10.2007,0.0577243,0.08741,1.51427,28.8621,True,9.75144,10.04
400,2,1000,10,1413.72,40.8029,81.6057,0.0577243,0.08741,1.51427,28.8621,True,19.5029,20.08
400,2.5,400,0.5,0.176715,0.0102007,0.0204014,0.115449,0.17482,1.51427,9.23588,True,1.2286,1.26496
400,2.5,400,1,1.41372,0.0816057,0.163211,0.115449,0.17482,1.51427,9.23588,True,2.45721,2.52992
400,2.5,400,2,11.3097,0.652846,1.30569,0.115449,0.17482,1.51427,9.23588,True,4.91442,5.05984
400,2.5,400,5,176.715,10.2007,20.4014,0.115449,0.17482,1.51427,9.23588,True,12.286,12.6496
400,2.5,400,10,1413.72,81.6057,163.211,0.115449,0.17482,1.51427,9.23588,True,24.5721,25.2992
400,2.5,619,0.5,0.176715,0.00659174,0.0131835,0.0746032,0.112969,1.51427,14.2925,True,1.06219,1.09362
400,2.5,619,1,1.41372,0.0527339,0.105468,0.0746032,0.112969,1.51427,14.2925,True,2.12438,2.18724
400,2.5,619,2,11.3097,0.421871,0.843743,0.0746032,0.112969,1.51427,14.2925,True,4.24876,4.37448
400,2.5,619,5,176.715,6.59174,13.1835,0.0746032,0.112969,1.51427,14.2925,True,10.6219,10.9362
400,2.5,619,10,1413.72,52.7339,105.468,0.0746032,0.112969,1.51427,14.2925,True,21.2438,21.8724
400,2.5,800,0.5,0.176715,0.00510036,0.0102007,0.0577243,0.08741,1.51427,18.4718,True,0.975144,1.004
400,2.5,800,1,1.41372,0.0408029,0.0816057,0.0577243,0.08741,1.51427,18.4718,True,1.95029,2.008
400,2.5,800,2,11.3097,0.326423,0.652846,0.0577243,0.08741,1.51427,18.4718,True,3.90058,4.016
400,2.5,800,5,176.715,5.10036,10.2007,0.0577243,0.08741,1.51427,18.4718,True,9.75144,10.04
400,2.5,800,10,1413.72,40.8029,81.6057,0.0577243,0.08741,1.51427,18.4718,True,19.5029,20.08
400,2.5,1000,0.5,0.176715,0.00408029,0.00816057,0.0461794,0.069928,1.51427,23.0897,True,0.905243,0.932031
400,2.5,1000,1,1.41372,0.0326423,0.0652846,0.0461794,0.069928,1.51427,23.0897,True,1.81049,1.86406
400,2.5,1000,2,11.3097,0.261138,0.522277,0.0461794,0.069928,1.51427,23.0897,True,3.62097,3.72812
400,2.5,1000,5,176.715,4.08029,8.16057,0.0461794,0.069928,1.51427,23.0897,True,9.05243,9.32031
400,2.5,1000,10,1413.72,32.6423,65.2846,0.0461794,0.069928,1.51427,23.0897,True,18.1049,18.6406
500,1,400,0.5,0.176715,0.0249403,0.0498805,0.282266,0.575215,2.03785,22.5813,True,1.65514,1.70412
500,1,400,1,1.41372,0.199522,0.399044,0.282266,0.575215,2.03785,22.5813,True,3.31029,3.40824
500,1,400,2,11.3097,1.59618,3.19235,0.282266,0.575215,2.03785,22.5813,True,6.62057,6.81649
500,1,400,5,176.715,24.9403,49.8805,0.282266,0.575215,2.03785,22.5813,True,16.5514,17.0412
500,1,400,10,1413.72,199.522,399.044,0.282266,0.575215,2.03785,22.5813,True,33.1029,34.0824
500,1,619,0.5,0.176715,0.0161165,0.032233,0.182401,0.371706,2.03785,34.9445,True,1.43095,1.4733
500,1,619,1,1.41372,0.128932,0.257864,0.182401,0.371706,2.03785,34.9445,True,2.8619,2.94659
500,1,619,2,11.3097,1.03146,2.06291,0.182401,0.371706,2.03785,34.9445,True,5.72381,5.89319
500,1,619,5,176.715,16.1165,32.233,0.182401,0.371706,2.03785,34.9445,True,14.3095,14.733
500,1,619,10,1413.72,128.932,257.864,0.182401,0.371706,2.03785,34.9445,True,28.619,29.4659
500,1,800,0.5,0.176715,0.0124701,0.0249403,0.141133,0.287608,2.03785,45.1626,False,1.31369,1.35256
500,1,800,1,1.41372,0.099761,0.199522,0.141133,0.287608,2.03785,45.1626,False,2.62738,2.70512
500,1,800,2,11.3097,0.798088,1.59618,0.141133,0.287608,2.03785,45.1626,False,5.25475,5.41025
500,1,800,5,176.715,12.4701,24.9403,0.141133,0.287608,2.03785,45.1626,False,13.1369,13.5256
500,1,800,10,1413.72,99.761,199.522,0.141133,0.287608,2.03785,45.1626,False,26.2738,27.0512
500,1,1000,0.5,0.176715,0.0099761,0.0199522,0.112906,0.230086,2.03785,56.4532,False,1.21952,1.25561
500,1,1000,1,1.41372,0.0798088,0.159618,0.112906,0.230086,2.03785,56.4532,False,2.43904,2.51121
500,1,1000,2,11.3097,0.638471,1.27694,0.112906,0.230086,2.03785,56.4532,False,4.87808,5.02243
500,1,1000,5,176.715,9.9761,19.9522,0.112906,0.230086,2.03785,56.4532,False,12.1952,12.5561
500,1,1000,10,1413.72,79.8088,159.618,0.112906,0.230086,2.03785,56.4532,False,24.3904,25.1121
500,1.5,400,0.5,0.176715,0.0166268,0.0332537,0.188177,0.383477,2.03785,15.0542,True,1.4459,1.48869
500,1.5,400,1,1.41372,0.133015,0.266029,0.188177,0.383477,2.03785,15.0542,True,2.8918,2.97737
500,1.5,400,2,11.3097,1.06412,2.12824,0.188177,0.383477,2.03785,15.0542,True,5.7836,5.95475
500,1.5,400,5,176.715,16.6268,33.2537,0.188177,0.383477,2.03785,15.0542,True,14.459,14.8869
500,1.5,400,10,1413.72,133.015,266.029,0.188177,0.383477,2.03785,15.0542,True,28.918,29.7737
500,1.5,619,0.5,0.176715,0.0107443,0.0214886,0.121601,0.247804,2.03785,23.2964,True,1.25005,1.28704
500,1.5,619,1,1.41372,0.0859546,0.171909,0.121601,0.247804,2.03785,23.2964,True,2.5001,2.57409
500,1.5,619,2,11.3097,0.687637,1.37527,0.121601,0.247804,2.03785,23.2964,True,5.00021,5.14817
500,1.5,619,5,176.715,10.7443,21.4886,0.121601,0.247804,2.03785,23.2964,True,12.5005,12.8704
500,1.5,619,10,1413.72,85.9546,171.909,0.121601,0.247804,2.03785,23.2964,True,25.001,25.7409
500,1.5,800,0.5,0.176715,0.00831342,0.0166268,0.0940887,0.191738,2.03785,30.1084,True,1.14761,1.18157
500,1.5,800,1,1.41372,0.0665074,0.133015,0.0940887,0.191738,2.03785,30.1084,True,2.29522,2.36314
500,1.5,800,2,11.3097,0.532059,1.06412,0.0940887,0.191738,2.03785,30.1084,True,4.59045,4.72629
500,1.5,800,5,176.715,8.31342,16.6268,0.0940887,0.191738,2.03785,30.1084,True,11.4761,11.8157
500,1.5,800,10,1413.72,66.5074,133.015,0.0940887,0.191738,2.03785,30.1084,True,22.9522,23.6314
500,1.5,1000,0.5,0.176715,0.00665074,0.0133015,0.0752709,0.153391,2.03785,37.6355,True,1.06535,1.09687
500,1.5,1000,1,1.41372,0.0532059,0.106412,0.0752709,0.153391,2.03785,37.6355,True,2.1307,2.19375
500,1.5,1000,2,11.3097,0.425647,0.851294,0.0752709,0.153391,2.03785,37.6355,True,4.26139,4.3875
500,1.5,1000,5,176.715,6.65074,13.3015,0.0752709,0.153391,2.03785,37.6355,True,10.6535,10.9687
500,1.5,1000,10,1413.72,53.2059,106.412,0.0752709,0.153391,2.03785,37.6355,True,21.307,21.9375
500,2,400,0.5,0.176715,0.0124701,0.0249403,0.141133,0.287608,2.03785,11.2906,True,1.31369,1.35256
500,2,400,1,1.41372,0.099761,0.199522,0.141133,0.287608,2.03785,11.2906,True,2.62738,2.70512
500,2,400,2,11.3097,0.798088,1.59618,0.141133,0.287608,2.03785,11.2906,True,5.25475,5.41025
500,2,400,5,176.715,12.4701,24.9403,0.141133,0.287608,2.03785,11.2906,True,13.1369,13.5256
500,2,400,10,1413.72,99.761,199.522,0.141133,0.287608,2.03785,11.2906,True,26.2738,27.0512
500,2,619,0.5,0.176715,0.00805824,0.0161165,0.0912006,0.185853,2.03785,17.4723,True,1.13575,1.16936
500,2,619,1,1.41372,0.0644659,0.128932,0.0912006,0.185853,2.03785,17.4723,True,2.2715,2.33871
500,2,619,2,11.3097,0.515728,1.03146,0.0912006,0.185853,2.03785,17.4723,True,4.54299,4.67743
500,2,619,5,176.715,8.05824,16.1165,0.0912006,0.185853,2.03785,17.4723,True,11.3575,11.6936
500,2,619,10,1413.72,64.4659,128.932,0.0912006,0.185853,2.03785,17.4723,True,22.715,23.3871
500,2,800,0.5,0.176715,0.00623506,0.0124701,0.0705665,0.143804,2.03785,22.5813,True,1.04267,1.07353
500,2,800,1,1.41372,0.0498805,0.099761,0.0705665,0.143804,2.03785,22.5813,True,2.08535,2.14706
500,2,800,2,11.3097,0.399044,0.798088,0.0705665,0.143804,2.03785,22.5813,True,4.1707,4.29412
500,2,800,5,176.715,6.23506,12.4701,0.0705665,0.143804,2.03785,22.5813,True,10.4267,10.7353
500,2,800,10,1413.72,49.8805,99.761,0.0705665,0.143804,2.03785,22.5813,True,20.8535,21.4706
500,2,1000,0.5,0.176715,0.00498805,0.0099761,0.0564532,0.115043,2.03785,28.2266,True,0.967933,0.996576
500,2,1000,1,1.41372,0.0399044,0.0798088,0.0564532,0.115043,2.03785,28.2266,True,1.93587,1.99315
500,2,1000,2,11.3097,0.319235,0.638471,0.0564532,0.115043,2.03785,28.2266,True,3.87173,3.98631
500,2,1000,5,176.715,4.98805,9.9761,0.0564532,0.115043,2.03785,28.2266,True,9.67933,9.96576
500,2,1000,10,1413.72,39.9044,79.8088,0.0564532,0.115043,2.03785,28.2266,True,19.3587,19.9315
500,2.5,400,0.5,0.176715,0.0099761,0.0199522,0.112906,0.230086,2.03785,9.03251,True,1.21952,1.25561
500,2.5,400,1,1.41372,0.0798088,0.159618,0.112906,0.230086,2.03785,9.03251,True,2.43904,2.51121
500,2.5,400,2,11.3097,0.638471,1.27694,0.112906,0.230086,2.03785,9.03251,True,4.87808,5.02243
500,2.5,400,5,176.715,9.9761,19.9522,0.112906,0.230086,2.03785,9.03251,True,12.1952,12.5561
500,2.5,400,10,1413.72,79.8088,159.618,0.112906,0.230086,2.03785,9.03251,True,24.3904,25.1121
500,2.5,619,0.5,0.176715,0.00644659,0.0128932,0.0729605,0.148682,2.03785,13.9778,True,1.05433,1.08553
500,2.5,619,1,1.41372,0.0515728,0.103146,0.0729605,0.148682,2.03785,13.9778,True,2.10867,2.17107
500,2.5,619,2,11.3097,0.412582,0.825164,0.0729605,0.148682,2.03785,13.9778,True,4.21734,4.34214
500,2.5,619,5,176.715,6.44659,12.8932,0.0729605,0.148682,2.03785,13.9778,True,10.5433,10.8553
500,2.5,619,10,1413.72,51.5728,103.146,0.0729605,0.148682,2.03785,13.9778,True,21.0867,21.7107
500,2.5,800,0.5,0.176715,0.00498805,0.0099761,0.0564532,0.115043,2.03785,18.065,True,0.967933,0.996576
500,2.5,800,1,1.41372,0.0399044,0.0798088,0.0564532,0.115043,2.03785,18.065,True,1.93587,1.99315
500,2.5,800,2,11.3097,0.319235,0.638471,0.0564532,0.115043,2.03785,18.065,True,3.87173,3.98631
500,2.5,800,5,176.715,4.98805,9.9761,0.0564532,0.115043,2.03785,18.065,True,9.67933,9.96576
500,2.5,800,10,1413.72,39.9044,79.8088,0.0564532,0.115043,2.03785,18.065,True,19.3587,19.9315
500,2.5,1000,0.5,0.176715,0.00399044,0.00798088,0.0451626,0.0920344,2.03785,22.5813,True,0.89855,0.925139
500,2.5,1000,1,1.41372,0.0319235,0.0638471,0.0451626,0.0920344,2.03785,22.5813,True,1.7971,1.85028
500,2.5,1000,2,11.3097,0.255388,0.510777,0.0451626,0.0920344,2.03785,22.5813,True,3.5942,3.70056
500,2.5,1000,5,176.715,3.99044,7.98088,0.0451626,0.0920344,2.03785,22.5813,True,8.9855,9.25139
500,2.5,1000,10,1413.72,31.9235,63.8471,0.0451626,0.0920344,2.03785,22.5813,True,17.971,18.5028
600,1,400,0.5,0.176715,0.024399,0.0487981,0.276141,0.709845,2.57059,22.0912,True,1.64308,1.6917
600,1,400,1,1.41372,0.195192,0.390385,0.276141,0.709845,2.57059,22.0912,True,3.28616,3.38341
600,1,400,2,11.3097,1.56154,3.12308,0.276141,0.709845,2.57059,22.0912,True,6.57233,6.76682
600,1,400,5,176.715,24.399,48.7981,0.276141,0.709845,2.57059,22.0912,True,16.4308,16.917
600,1,400,10,1413.72,195.192,390.385,0.276141,0.709845,2.57059,22.0912,True,32.8616,33.8341
600,1,619,0.5,0.176715,0.0157667,0.0315335,0.178443,0.458704,2.57059,34.1862,True,1.42053,1.46256
600,1,619,1,1.41372,0.126134,0.252268,0.178443,0.458704,2.57059,34.1862,True,2.84105,2.92512
600,1,619,2,11.3097,1.00907,2.01814,0.178443,0.458704,2.57059,34.1862,True,5.6821,5.85025
600,1,619,5,176.715,15.7667,31.5335,0.178443,0.458704,2.57059,34.1862,True,14.2053,14.6256
600,1,619,10,1413.72,126.134,252.268,0.178443,0.458704,2.57059,34.1862,True,28.4105,29.2512
600,1,800,0.5,0.176715,0.0121995,0.024399,0.13807,0.354923,2.57059,44.1825,False,1.30412,1.34271
600,1,800,1,1.41372,0.0975961,0.195192,0.13807,0.354923,2.57059,44.1825,False,2.60823,2.68541
600,1,800,2,11.3097,0.780769,1.56154,0.13807,0.354923,2.57059,44.1825,False,5.21646,5.37083
600,1,800,5,176.715,12.1995,24.399,0.13807,0.354923,2.57059,44.1825,False,13.0412,13.4271
600,1,800,10,1413.72,97.5961,195.192,0.13807,0.354923,2.57059,44.1825,False,26.0823,26.8541
600,1,1000,0.5,0.176715,0.00975961,0.0195192,0.110456,0.283938,2.57059,55.2281,False,1.21063,1.24646
600,1,1000,1,1.41372,0.0780769,0.156154,0.110456,0.283938,2.57059,55.2281,False,2.42127,2.49292
600,1,1000,2,11.3097,0.624615,1.24923,0.110456,0.283938,2.57059,55.2281,False,4.84253,4.98583
600,1,1000,5,176.715,9.75961,19.5192,0.110456,0.283938,2.57059,55.2281,False,12.1063,12.4646
600,1,1000,10,1413.72,78.0769,156.154,0.110456,0.283938,2.57059,55.2281,False,24.2127,24.9292
600,1.5,400,0.5,0.176715,0.016266,0.032532,0.184094,0.47323,2.57059,14.7275,True,1.43536,1.47784
600,1.5,400,1,1.41372,0.130128,0.260256,0.184094,0.47323,2.57059,14.7275,True,2.87073,2.95568
600,1.5,400,2,11.3097,1.04103,2.08205,0.184094,0.47323,2.57059,14.7275,True,5.74146,5.91136
600,1.5,400,5,176.715,16.266,32.532,0.184094,0.47323,2.57059,14.7275,True,14.3536,14.7784
600,1.5,400,10,1413.72,130.128,260.256,0.184094,0.47323,2.57059,14.7275,True,28.7073,29.5568
600,1.5,619,0.5,0.176715,0.0105112,0.0210223,0.118962,0.305803,2.57059,22.7908,True,1.24094,1.27767
600,1.5,619,1,1.41372,0.0840893,0.168179,0.118962,0.305803,2.57059,22.7908,True,2.48189,2.55533
600,1.5,619,2,11.3097,0.672714,1.34543,0.118962,0.305803,2.57059,22.7908,True,4.96377,5.11066
600,1.5,619,5,176.715,10.5112,21.0223,0.118962,0.305803,2.57059,22.7908,True,12.4094,12.7767
600,1.5,619,10,1413.72,84.0893,168.179,0.118962,0.305803,2.57059,22.7908,True,24.8189,25.5533
600,1.5,800,0.5,0.176715,0.00813301,0.016266,0.0920469,0.236615,2.57059,29.455,True,1.13925,1.17296
600,1.5,800,1,1.41372,0.0650641,0.130128,0.0920469,0.236615,2.57059,29.455,True,2.2785,2.34592
600,1.5,800,2,11.3097,0.520513,1.04103,0.0920469,0.236615,2.57059,29.455,True,4.557,4.69185
600,1.5,800,5,176.715,8.13301,16.266,0.0920469,0.236615,2.57059,29.455,True,11.3925,11.7296
600,1.5,800,10,1413.72,65.0641,130.128,0.0920469,0.236615,2.57059,29.455,True,22.785,23.4592
600,1.5,1000,0.5,0.176715,0.00650641,0.0130128,0.0736375,0.189292,2.57059,36.8187,True,1.05759,1.08888
600,1.5,1000,1,1.41372,0.0520513,0.104103,0.0736375,0.189292,2.57059,36.8187,True,2.11517,2.17776
600,1.5,1000,2,11.3097,0.41641,0.83282,0.0736375,0.189292,2.57059,36.8187,True,4.23034,4.35553
600,1.5,1000,5,176.715,6.50641,13.0128,0.0736375,0.189292,2.57059,36.8187,True,10.5759,10.8888
600,1.5,1000,10,1413.72,52.0513,104.103,0.0736375,0.189292,2.57059,36.8187,True,21.1517,21.7776
600,2,400,0.5,0.176715,0.0121995,0.024399,0.13807,0.354923,2.57059,11.0456,True,1.30412,1.34271
600,2,400,1,1.41372,0.0975961,0.195192,0.13807,0.354923,2.57059,11.0456,True,2.60823,2.68541
600,2,400,2,11.3097,0.780769,1.56154,0.13807,0.354923,2.57059,11.0456,True,5.21646,5.37083
600,2,400,5,176.715,12.1995,24.399,0.13807,0.354923,2.57059,11.0456,True,13.0412,13.4271
600,2,400,10,1413.72,97.5961,195.192,0.13807,0.354923,2.57059,11.0456,True,26.0823,26.8541
600,2,619,0.5,0.176715,0.00788337,0.0157667,0.0892215,0.229352,2.57059,17.0931,True,1.12747,1.16084
600,2,619,1,1.41372,0.063067,0.126134,0.0892215,0.229352,2.57059,17.0931,True,2.25494,2.32167
600,2,619,2,11.3097,0.504536,1.00907,0.0892215,0.229352,2.57059,17.0931,True,4.50989,4.64334
600,2,619,5,176.715,7.88337,15.7667,0.0892215,0.229352,2.57059,17.0931,True,11.2747,11.6084
600,2,619,10,1413.72,63.067,126.134,0.0892215,0.229352,2.57059,17.0931,True,22.5494,23.2167
600,2,800,0.5,0.176715,0.00609976,0.0121995,0.0690352,0.177461,2.57059,22.0912,True,1.03508,1.06571
600,2,800,1,1.41372,0.0487981,0.0975961,0.0690352,0.177461,2.57059,22.0912,True,2.07015,2.13141
600,2,800,2,11.3097,0.390385,0.780769,0.0690352,0.177461,2.57059,22.0912,True,4.14031,4.26283
600,2,800,5,176.715,6.09976,12.1995,0.0690352,0.177461,2.57059,22.0912,True,10.3508,10.6571
600,2,800,10,1413.72,48.7981,97.5961,0.0690352,0.177461,2.57059,22.0912,True,20.7015,21.3141
600,2,1000,0.5,0.176715,0.00487981,0.00975961,0.0552281,0.141969,2.57059,27.6141,True,0.96088,0.989315
600,2,1000,1,1.41372,0.0390385,0.0780769,0.0552281,0.141969,2.57059,27.6141,True,1.92176,1.97863
600,2,1000,2,11.3097,0.312308,0.624615,0.0552281,0.141969,2.57059,27.6141,True,3.84352,3.95726
600,2,1000,5,176.715,4.87981,9.75961,0.0552281,0.141969,2.57059,27.6141,True,9.6088,9.89315
600,2,1000,10,1413.72,39.0385,78.0769,0.0552281,0.141969,2.57059,27.6141,True,19.2176,19.7863
600,2.5,400,0.5,0.176715,0.00975961,0.0195192,0.110456,0.283938,2.57059,8.8365,True,1.21063,1.24646
600,2.5,400,1,1.41372,0.0780769,0.156154,0.110456,0.283938,2.57059,8.8365,True,2.42127,2.49292
600,2.5,400,2,11.3097,0.624615,1.24923,0.110456,0.283938,2.57059,8.8365,True,4.84253,4.98583
600,2.5,400,5,176.715,9.75961,19.5192,0.110456,0.283938,2.57059,8.8365,True,12.1063,12.4646
600,2.5,400,10,1413.72,78.0769,156.154,0.110456,0.283938,2.57059,8.8365,True,24.2127,24.9292
600,2.5,619,0.5,0.176715,0.0063067,0.0126134,0.0713772,0.183482,2.57059,13.6745,True,1.04665,1.07762
600,2.5,619,1,1.41372,0.0504536,0.100907,0.0713772,0.183482,2.57059,13.6745,True,2.0933,2.15525
600,2.5,619,2,11.3097,0.403629,0.807257,0.0713772,0.183482,2.57059,13.6745,True,4.18661,4.3105
600,2.5,619,5,176.715,6.3067,12.6134,0.0713772,0.183482,2.57059,13.6745,True,10.4665,10.7762
600,2.5,619,10,1413.72,50.4536,100.907,0.0713772,0.183482,2.57059,13.6745,True,20.933,21.5525
600,2.5,800,0.5,0.176715,0.00487981,0.00975961,0.0552281,0.141969,2.57059,17.673,True,0.96088,0.989315
600,2.5,800,1,1.41372,0.0390385,0.0780769,0.0552281,0.141969,2.57059,17.673,True,1.92176,1.97863
600,2.5,800,2,11.3097,0.312308,0.624615,0.0552281,0.141969,2.57059,17.673,True,3.84352,3.95726
600,2.5,800,5,176.715,4.87981,9.75961,0.0552281,0.141969,2.57059,17.673,True,9.6088,9.89315
600,2.5,800,10,1413.72,39.0385,78.0769,0.0552281,0.141969,2.57059,17.673,True,19.2176,19.7863
600,2.5,1000,0.5,0.176715,0.00390385,0.00780769,0.0441825,0.113575,2.57059,22.0912,True,0.892002,0.918398
600,2.5,1000,1,1.41372,0.0312308,0.0624615,0.0441825,0.113575,2.57059,22.0912,True,1.784,1.8368
600,2.5,1000,2,11.3097,0.249846,0.499692,0.0441825,0.113575,2.57059,22.0912,True,3.56801,3.67359
600,2.5,1000,5,176.715,3.90385,7.80769,0.0441825,0.113575,2.57059,22.0912,True,8.92002,9.18398
600,2.5,1000,10,1413.72,31.2308,62.4615,0.0441825,0.113575,2.57059,22.0912,True,17.84,18.368
700,1,400,0.5,0.176715,0.0238771,0.0477542,0.270234,0.841065,3.11236,21.6187,True,1.63128,1.67955
700,1,400,1,1.41372,0.191017,0.382034,0.270234,0.841065,3.11236,21.6187,True,3.26256,3.35911
700,1,400,2,11.3097,1.52814,3.05627,0.270234,0.841065,3.11236,21.6187,True,6.52513,6.71822
700,1,400,5,176.715,23.8771,47.7542,0.270234,0.841065,3.11236,21.6187,True,16.3128,16.7955
700,1,400,10,1413.72,191.017,382.034,0.270234,0.841065,3.11236,21.6187,True,32.6256,33.5911
700,1,619,0.5,0.176715,0.0154295,0.0308589,0.174626,0.543499,3.11236,33.4549,True,1.41032,1.45206
700,1,619,1,1.41372,0.123436,0.246872,0.174626,0.543499,3.11236,33.4549,True,2.82065,2.90412
700,1,619,2,11.3097,0.987486,1.97497,0.174626,0.543499,3.11236,33.4549,True,5.64129,5.80823
700,1,619,5,176.715,15.4295,30.8589,0.174626,0.543499,3.11236,33.4549,True,14.1032,14.5206
700,1,619,10,1413.72,123.436,246.872,0.174626,0.543499,3.11236,33.4549,True,28.2065,29.0412
700,1,800,0.5,0.176715,0.0119386,0.0238771,0.135117,0.420532,3.11236,43.2374,False,1.29475,1.33306
700,1,800,1,1.41372,0.0955084,0.191017,0.135117,0.420532,3.11236,43.2374,False,2.5895,2.66613
700,1,800,2,11.3097,0.764068,1.52814,0.135117,0.420532,3.11236,43.2374,False,5.179,5.33225
700,1,800,5,176.715,11.9386,23.8771,0.135117,0.420532,3.11236,43.2374,False,12.9475,13.3306
700,1,800,10,1413.72,95.5084,191.017,0.135117,0.420532,3.11236,43.2374,False,25.895,26.6613
700,1,1000,0.5,0.176715,0.00955084,0.0191017,0.108093,0.336426,3.11236,54.0467,False,1.20194,1.23751
700,1,1000,1,1.41372,0.0764068,0.152814,0.108093,0.336426,3.11236,54.0467,False,2.40388,2.47501
700,1,1000,2,11.3097,0.611254,1.22251,0.108093,0.336426,3.11236,54.0467,False,4.80776,4.95003
700,1,1000,5,176.715,9.55084,19.1017,0.108093,0.336426,3.11236,54.0467,False,12.0194,12.3751
700,1,1000,10,1413.72,76.4068,152.814,0.108093,0.336426,3.11236,54.0467,False,24.0388,24.7501
700,1.5,400,0.5,0.176715,0.0159181,0.0318361,0.180156,0.56071,3.11236,14.4125,True,1.42506,1.46723
700,1.5,400,1,1.41372,0.127345,0.254689,0.180156,0.56071,3.11236,14.4125,True,2.85011,2.93445
700,1.5,400,2,11.3097,1.01876,2.03751,0.180156,0.56071,3.11236,14.4125,True,5.70022,5.8689
700,1.5,400,5,176.715,15.9181,31.8361,0.180156,0.56071,3.11236,14.4125,True,14.2506,14.6723
700,1.5,400,10,1413.72,127.345,254.689,0.180156,0.56071,3.11236,14.4125,True,28.5011,29.3445
700,1.5,619,0.5,0.176715,0.0102863,0.0205726,0.116417,0.362333,3.11236,22.3033,True,1.23203,1.26849
700,1.5,619,1,1.41372,0.0822905,0.164581,0.116417,0.362333,3.11236,22.3033,True,2.46406,2.53698
700,1.5,619,2,11.3097,0.658324,1.31665,0.116417,0.362333,3.11236,22.3033,True,4.92812,5.07396
700,1.5,619,5,176.715,10.2863,20.5726,0.116417,0.362333,3.11236,22.3033,True,12.3203,12.6849
700,1.5,619,10,1413.72,82.2905,164.581,0.116417,0.362333,3.11236,22.3033,True,24.6406,25.3698
700,1.5,800,0.5,0.176715,0.00795904,0.0159181,0.0900779,0.280355,3.11236,28.8249,True,1.13107,1.16454
700,1.5,800,1,1.41372,0.0636723,0.127345,0.0900779,0.280355,3.11236,28.8249,True,2.26214,2.32908
700,1.5,800,2,11.3097,0.509378,1.01876,0.0900779,0.280355,3.11236,28.8249,True,4.52427,4.65815
700,1.5,800,5,176.715,7.95904,15.9181,0.0900779,0.280355,3.11236,28.8249,True,11.3107,11.6454
700,1.5,800,10,1413.72,63.6723,127.345,0.0900779,0.280355,3.11236,28.8249,True,22.6214,23.2908
700,1.5,1000,0.5,0.176715,0.00636723,0.0127345,0.0720623,0.224284,3.11236,36.0311,True,1.04999,1.08106
700,1.5,1000,1,1.41372,0.0509378,0.101876,0.0720623,0.224284,3.11236,36.0311,True,2.09998,2.16212
700,1.5,1000,2,11.3097,0.407503,0.815005,0.0720623,0.224284,3.11236,36.0311,True,4.19996,4.32425
700,1.5,1000,5,176.715,6.36723,12.7345,0.0720623,0.224284,3.11236,36.0311,True,10.4999,10.8106
700,1.5,1000,10,1413.72,50.9378,101.876,0.0720623,0.224284,3.11236,36.0311,True,20.9998,21.6212
700,2,400,0.5,0.176715,0.0119386,0.0238771,0.135117,0.420532,3.11236,10.8093,True,1.29475,1.33306
700,2,400,1,1.41372,0.0955084,0.191017,0.135117,0.420532,3.11236,10.8093,True,2.5895,2.66613
700,2,400,2,11.3097,0.764068,1.52814,0.135117,0.420532,3.11236,10.8093,True,5.179,5.33225
700,2,400,5,176.715,11.9386,23.8771,0.135117,0.420532,3.11236,10.8093,True,12.9475,13.3306
700,2,400,10,1413.72,95.5084,191.017,0.135117,0.420532,3.11236,10.8093,True,25.895,26.6613
700,2,619,0.5,0.176715,0.00771474,0.0154295,0.087313,0.271749,3.11236,16.7275,True,1.11937,1.1525
700,2,619,1,1.41372,0.0617179,0.123436,0.087313,0.271749,3.11236,16.7275,True,2.23875,2.305
700,2,619,2,11.3097,0.493743,0.987486,0.087313,0.271749,3.11236,16.7275,True,4.4775,4.61
700,2,619,5,176.715,7.71474,15.4295,0.087313,0.271749,3.11236,16.7275,True,11.1937,11.525
700,2,619,10,1413.72,61.7179,123.436,0.087313,0.271749,3.11236,16.7275,True,22.3875,23.05
700,2,800,0.5,0.176715,0.00596928,0.0119386,0.0675584,0.210266,3.11236,21.6187,True,1.02764,1.05805
700,2,800,1,1.41372,0.0477542,0.0955084,0.0675584,0.210266,3.11236,21.6187,True,2.05529,2.11611
700,2,800,2,11.3097,0.382034,0.764068,0.0675584,0.210266,3.11236,21.6187,True,4.11057,4.23221
700,2,800,5,176.715,5.96928,11.9386,0.0675584,0.210266,3.11236,21.6187,True,10.2764,10.5805
700,2,800,10,1413.72,47.7542,95.5084,0.0675584,0.210266,3.11236,21.6187,True,20.5529,21.1611
700,2,1000,0.5,0.176715,0.00477542,0.00955084,0.0540467,0.168213,3.11236,27.0234,True,0.953979,0.982209
700,2,1000,1,1.41372,0.0382034,0.0764068,0.0540467,0.168213,3.11236,27.0234,True,1.90796,1.96442
700,2,1000,2,11.3097,0.305627,0.611254,0.0540467,0.168213,3.11236,27.0234,True,3.81592,3.92884
700,2,1000,5,176.715,4.77542,9.55084,0.0540467,0.168213,3.11236,27.0234,True,9.53979,9.82209
700,2,1000,10,1413.72,38.2034,76.4068,0.0540467,0.168213,3.11236,27.0234,True,19.0796,19.6442
700,2.5,400,0.5,0.176715,0.00955084,0.0191017,0.108093,0.336426,3.11236,8.64748,True,1.20194,1.23751
700,2.5,400,1,1.41372,0.0764068,0.152814,0.108093,0.336426,3.11236,8.64748,True,2.40388,2.47501
700,2.5,400,2,11.3097,0.611254,1.22251,0.108093,0.336426,3.11236,8.64748,True,4.80776,4.95003
700,2.5,400,5,176.715,9.55084,19.1017,0.108093,0.336426,3.11236,8.64748,True,12.0194,12.3751
700,2.5,400,10,1413.72,76.4068,152.814,0.108093,0.336426,3.11236,8.64748,True,24.0388,24.7501
700,2.5,619,0.5,0.176715,0.00617179,0.0123436,0.0698504,0.2174,3.11236,13.382,True,1.03914,1.06989
700,2.5,619,1,1.41372,0.0493743,0.0987486,0.0698504,0.2174,3.11236,13.382,True,2.07827,2.13977
700,2.5,619,2,11.3097,0.394995,0.789989,0.0698504,0.2174,3.11236,13.382,True,4.15654,4.27954
700,2.5,619,5,176.715,6.17179,12.3436,0.0698504,0.2174,3.11236,13.382,True,10.3914,10.6989
700,2.5,619,10,1413.72,49.3743,98.7486,0.0698504,0.2174,3.11236,13.382,True,20.7827,21.3977
700,2.5,800,0.5,0.176715,0.00477542,0.00955084,0.0540467,0.168213,3.11236,17.295,True,0.953979,0.982209
700,2.5,800,1,1.41372,0.0382034,0.0764068,0.0540467,0.168213,3.11236,17.295,True,1.90796,1.96442
700,2.5,800,2,11.3097,0.305627,0.611254,0.0540467,0.168213,3.11236,17.295,True,3.81592,3.92884
700,2.5,800,5,176.715,4.77542,9.55084,0.0540467,0.168213,3.11236,17.295,True,9.53979,9.82209
700,2.5,800,10,1413.72,38.2034,76.4068,0.0540467,0.168213,3.11236,17.295,True,19.0796,19.6442
700,2.5,1000,0.5,0.176715,0.00382034,0.00764068,0.0432374,0.13457,3.11236,21.6187,True,0.885596,0.911803
700,2.5,1000,1,1.41372,0.0305627,0.0611254,0.0432374,0.13457,3.11236,21.6187,True,1.77119,1.82361
700,2.5,1000,2,11.3097,0.244502,0.489003,0.0432374,0.13457,3.11236,21.6187,True,3.54238,3.64721
700,2.5,1000,5,176.715,3.82034,7.64068,0.0432374,0.13457,3.11236,21.6187,True,8.85596,9.11803
700,2.5,1000,10,1413.72,30.5627,61.1254,0.0432374,0.13457,3.11236,21.6187,True,17.7119,18.2361
800,1,400,0.5,0.176715,0.0233735,0.0467471,0.264534,0.968993,3.66301,21.1627,True,1.61973,1.66766
800,1,400,1,1.41372,0.186988,0.373976,0.264534,0.968993,3.66301,21.1627,True,3.23946,3.33533
800,1,400,2,11.3097,1.49591,2.99181,0.264534,0.968993,3.66301,21.1627,True,6.47893,6.67065
800,1,400,5,176.715,23.3735,46.7471,0.264534,0.968993,3.66301,21.1627,True,16.1973,16.6766
800,1,400,10,1413.72,186.988,373.976,0.264534,0.968993,3.66301,21.1627,True,32.3946,33.3533
800,1,619,0.5,0.176715,0.0151041,0.0302081,0.170943,0.626167,3.66301,32.7493,True,1.40034,1.44178
800,1,619,1,1.41372,0.120832,0.241665,0.170943,0.626167,3.66301,32.7493,True,2.80068,2.88355
800,1,619,2,11.3097,0.96666,1.93332,0.170943,0.626167,3.66301,32.7493,True,5.60135,5.76711
800,1,619,5,176.715,15.1041,30.2081,0.170943,0.626167,3.66301,32.7493,True,14.0034,14.4178
800,1,619,10,1413.72,120.832,241.665,0.170943,0.626167,3.66301,32.7493,True,28.0068,28.8355
800,1,800,0.5,0.176715,0.0116868,0.0233735,0.132267,0.484496,3.66301,42.3255,False,1.28558,1.32363
800,1,800,1,1.41372,0.0934941,0.186988,0.132267,0.484496,3.66301,42.3255,False,2.57116,2.64725
800,1,800,2,11.3097,0.747953,1.49591,0.132267,0.484496,3.66301,42.3255,False,5.14233,5.2945
800,1,800,5,176.715,11.6868,23.3735,0.132267,0.484496,3.66301,42.3255,False,12.8558,13.2363
800,1,800,10,1413.72,93.4941,186.988,0.132267,0.484496,3.66301,42.3255,False,25.7116,26.4725
800,1,1000,0.5,0.176715,0.00934941,0.0186988,0.105814,0.387597,3.66301,52.9068,False,1.19343,1.22874
800,1,1000,1,1.41372,0.0747953,0.149591,0.105814,0.387597,3.66301,52.9068,False,2.38686,2.45749
800,1,1000,2,11.3097,0.598362,1.19672,0.105814,0.387597,3.66301,52.9068,False,4.77372,4.91498
800,1,1000,5,176.715,9.34941,18.6988,0.105814,0.387597,3.66301,52.9068,False,11.9343,12.2874
800,1,1000,10,1413.72,74.7953,149.591,0.105814,0.387597,3.66301,52.9068,False,23.8686,24.5749
800,1.5,400,0.5,0.176715,0.0155824,0.0311647,0.176356,0.645995,3.66301,14.1085,True,1.41497,1.45684
800,1.5,400,1,1.41372,0.124659,0.249318,0.176356,0.645995,3.66301,14.1085,True,2.82993,2.91368
800,1.5,400,2,11.3097,0.997271,1.99454,0.176356,0.645995,3.66301,14.1085,True,5.65987,5.82735
800,1.5,400,5,176.715,15.5824,31.1647,0.176356,0.645995,3.66301,14.1085,True,14.1497,14.5684
800,1.5,400,10,1413.72,124.659,249.318,0.176356,0.645995,3.66301,14.1085,True,28.2993,29.1368
800,1.5,619,0.5,0.176715,0.0100694,0.0201387,0.113962,0.417444,3.66301,21.8329,True,1.22331,1.25951
800,1.5,619,1,1.41372,0.080555,0.16111,0.113962,0.417444,3.66301,21.8329,True,2.44662,2.51902
800,1.5,619,2,11.3097,0.64444,1.28888,0.113962,0.417444,3.66301,21.8329,True,4.89323,5.03803
800,1.5,619,5,176.715,10.0694,20.1387,0.113962,0.417444,3.66301,21.8329,True,12.2331,12.5951
800,1.5,619,10,1413.72,80.555,161.11,0.113962,0.417444,3.66301,21.8329,True,24.4662,25.1902
800,1.5,800,0.5,0.176715,0.00779118,0.0155824,0.0881781,0.322998,3.66301,28.217,True,1.12306,1.15629
800,1.5,800,1,1.41372,0.0623294,0.124659,0.0881781,0.322998,3.66301,28.217,True,2.24612,2.31259
800,1.5,800,2,11.3097,0.498635,0.997271,0.0881781,0.322998,3.66301,28.217,True,4.49224,4.62517
800,1.5,800,5,176.715,7.79118,15.5824,0.0881781,0.322998,3.66301,28.217,True,11.2306,11.5629
800,1.5,800,10,1413.72,62.3294,124.659,0.0881781,0.322998,3.66301,28.217,True,22.4612,23.1259
800,1.5,1000,0.5,0.176715,0.00623294,0.0124659,0.0705425,0.258398,3.66301,35.2712,True,1.04256,1.07341
800,1.5,1000,1,1.41372,0.0498635,0.0997271,0.0705425,0.258398,3.66301,35.2712,True,2.08511,2.14681
800,1.5,1000,2,11.3097,0.398908,0.797816,0.0705425,0.258398,3.66301,35.2712,True,4.17022,4.29363
800,1.5,1000,5,176.715,6.23294,12.4659,0.0705425,0.258398,3.66301,35.2712,True,10.4256,10.7341
800,1.5,1000,10,1413.72,49.8635,99.7271,0.0705425,0.258398,3.66301,35.2712,True,20.8511,21.4681
800,2,400,0.5,0.176715,0.0116868,0.0233735,0.132267,0.484496,3.66301,10.5814,True,1.28558,1.32363
800,2,400,1,1.41372,0.0934941,0.186988,0.132267,0.484496,3.66301,10.5814,True,2.57116,2.64725
800,2,400,2,11.3097,0.747953,1.49591,0.132267,0.484496,3.66301,10.5814,True,5.14233,5.2945
800,2,400,5,176.715,11.6868,23.3735,0.132267,0.484496,3.66301,10.5814,True,12.8558,13.2363
800,2,400,10,1413.72,93.4941,186.988,0.132267,0.484496,3.66301,10.5814,True,25.7116,26.4725
800,2,619,0.5,0.176715,0.00755203,0.0151041,0.0854715,0.313083,3.66301,16.3747,True,1.11145,1.14434
800,2,619,1,1.41372,0.0604162,0.120832,0.0854715,0.313083,3.66301,16.3747,True,2.2229,2.28868
800,2,619,2,11.3097,0.48333,0.96666,0.0854715,0.313083,3.66301,16.3747,True,4.4458,4.57736
800,2,619,5,176.715,7.55203,15.1041,0.0854715,0.313083,3.66301,16.3747,True,11.1145,11.4434
800,2,619,10,1413.72,60.4162,120.832,0.0854715,0.313083,3.66301,16.3747,True,22.229,22.8868
800,2,800,0.5,0.176715,0.00584338,0.0116868,0.0661336,0.242248,3.66301,21.1627,True,1.02037,1.05056
800,2,800,1,1.41372,0.0467471,0.0934941,0.0661336,0.242248,3.66301,21.1627,True,2.04073,2.10112
800,2,800,2,11.3097,0.373976,0.747953,0.0661336,0.242248,3.66301,21.1627,True,4.08147,4.20225
800,2,800,5,176.715,5.84338,11.6868,0.0661336,0.242248,3.66301,21.1627,True,10.2037,10.5056
800,2,800,10,1413.72,46.7471,93.4941,0.0661336,0.242248,3.66301,21.1627,True,20.4073,21.0112
800,2,1000,0.5,0.176715,0.00467471,0.00934941,0.0529068,0.193799,3.66301,26.4534,True,0.947225,0.975255
800,2,1000,1,1.41372,0.0373976,0.0747953,0.0529068,0.193799,3.66301,26.4534,True,1.89445,1.95051
800,2,1000,2,11.3097,0.299181,0.598362,0.0529068,0.193799,3.66301,26.4534,True,3.7889,3.90102
800,2,1000,5,176.715,4.67471,9.34941,0.0529068,0.193799,3.66301,26.4534,True,9.47225,9.75255
800,2,1000,10,1413.72,37.3976,74.7953,0.0529068,0.193799,3.66301,26.4534,True,18.9445,19.5051
800,2.5,400,0.5,0.176715,0.00934941,0.0186988,0.105814,0.387597,3.66301,8.4651,True,1.19343,1.22874
800,2.5,400,1,1.41372,0.0747953,0.149591,0.105814,0.387597,3.66301,8.4651,True,2.38686,2.45749
800,2.5,400,2,11.3097,0.598362,1.19672,0.105814,0.387597,3.66301,8.4651,True,4.77372,4.91498
800,2.5,400,5,176.715,9.34941,18.6988,0.105814,0.387597,3.66301,8.4651,True,11.9343,12.2874
800,2.5,400,10,1413.72,74.7953,149.591,0.105814,0.387597,3.66301,8.4651,True,23.8686,24.5749
800,2.5,619,0.5,0.176715,0.00604162,0.0120832,0.0683772,0.250467,3.66301,13.0997,True,1.03178,1.06231
800,2.5,619,1,1.41372,0.048333,0.096666,0.0683772,0.250467,3.66301,13.0997,True,2.06356,2.12462
800,2.5,619,2,11.3097,0.386664,0.773328,0.0683772,0.250467,3.66301,13.0997,True,4.12711,4.24924
800,2.5,619,5,176.715,6.04162,12.0832,0.0683772,0.250467,3.66301,13.0997,True,10.3178,10.6231
800,2.5,619,10,1413.72,48.333,96.666,0.0683772,0.250467,3.66301,13.0997,True,20.6356,21.2462
800,2.5,800,0.5,0.176715,0.00467471,0.00934941,0.0529068,0.193799,3.66301,16.9302,True,0.947225,0.975255
800,2.5,800,1,1.41372,0.0373976,0.0747953,0.0529068,0.193799,3.66301,16.9302,True,1.89445,1.95051
800,2.5,800,2,11.3097,0.299181,0.598362,0.0529068,0.193799,3.66301,16.9302,True,3.7889,3.90102
800,2.5,800,5,176.715,4.67471,9.34941,0.0529068,0.193799,3.66301,16.9302,True,9.47225,9.75255
800,2.5,800,10,1413.72,37.3976,74.7953,0.0529068,0.193799,3.66301,16.9302,True,18.9445,19.5051
800,2.5,1000,0.5,0.176715,0.00373976,0.00747953,0.0423255,0.155039,3.66301,21.1627,True,0.879326,0.905347
800,2.5,1000,1,1.41372,0.0299181,0.0598362,0.0423255,0.155039,3.66301,21.1627,True,1.75865,1.81069
800,2.5,1000,2,11.3097,0.239345,0.47869,0.0423255,0.155039,3.66301,21.1627,True,3.5173,3.62139
800,2.5,1000,5,176.715,3.73976,7.47953,0.0423255,0.155039,3.66301,21.1627,True,8.79326,9.05347
800,2.5,1000,10,1413.72,29.9181,59.8362,0.0423255,0.155039,3.66301,21.1627,True,17.5865,18.1069
900,1,400,0.5,0.176715,0.0228874,0.0457748,0.259032,1.09374,4.22242,20.7226,True,1.60842,1.65602
900,1,400,1,1.41372,0.183099,0.366198,0.259032,1.09374,4.22242,20.7226,True,3.21685,3.31204
900,1,400,2,11.3097,1.46479,2.92959,0.259032,1.09374,4.22242,20.7226,True,6.4337,6.62408
900,1,400,5,176.715,22.8874,45.7748,0.259032,1.09374,4.22242,20.7226,True,16.0842,16.5602
900,1,400,10,1413.72,183.099,366.198,0.259032,1.09374,4.22242,20.7226,True,32.1685,33.1204
900,1,619,0.5,0.176715,0.0147899,0.0295798,0.167388,0.70678,4.22242,32.0682,True,1.39056,1.43171
900,1,619,1,1.41372,0.118319,0.236639,0.167388,0.70678,4.22242,32.0682,True,2.78112,2.86342
900,1,619,2,11.3097,0.946555,1.89311,0.167388,0.70678,4.22242,32.0682,True,5.56225,5.72685
900,1,619,5,176.715,14.7899,29.5798,0.167388,0.70678,4.22242,32.0682,True,13.9056,14.3171
900,1,619,10,1413.72,118.319,236.639,0.167388,0.70678,4.22242,32.0682,True,27.8112,28.6342
900,1,800,0.5,0.176715,0.0114437,0.0228874,0.129516,0.546871,4.22242,41.4452,False,1.27661,1.31438
900,1,800,1,1.41372,0.0915496,0.183099,0.129516,0.546871,4.22242,41.4452,False,2.55321,2.62877
900,1,800,2,11.3097,0.732397,1.46479,0.129516,0.546871,4.22242,41.4452,False,5.10643,5.25754
900,1,800,5,176.715,11.4437,22.8874,0.129516,0.546871,4.22242,41.4452,False,12.7661,13.1438
900,1,800,10,1413.72,91.5496,183.099,0.129516,0.546871,4.22242,41.4452,False,25.5321,26.2877
900,1,1000,0.5,0.176715,0.00915496,0.0183099,0.103613,0.437497,4.22242,51.8065,False,1.1851,1.22017
900,1,1000,1,1.41372,0.0732397,0.146479,0.103613,0.437497,4.22242,51.8065,False,2.37019,2.44033
900,1,1000,2,11.3097,0.585918,1.17184,0.103613,0.437497,4.22242,51.8065,False,4.74039,4.88067
900,1,1000,5,176.715,9.15496,18.3099,0.103613,0.437497,4.22242,51.8065,False,11.851,12.2017
900,1,1000,10,1413.72,73.2397,146.479,0.103613,0.437497,4.22242,51.8065,False,23.7019,24.4033
900,1.5,400,0.5,0.176715,0.0152583,0.0305165,0.172688,0.729162,4.22242,13.8151,True,1.40509,1.44667
900,1.5,400,1,1.41372,0.122066,0.244132,0.172688,0.729162,4.22242,13.8151,True,2.81018,2.89333
900,1.5,400,2,11.3097,0.976529,1.95306,0.172688,0.729162,4.22242,13.8151,True,5.62035,5.78667
900,1.5,400,5,176.715,15.2583,30.5165,0.172688,0.729162,4.22242,13.8151,True,14.0509,14.4667
900,1.5,400,10,1413.72,122.066,244.132,0.172688,0.729162,4.22242,13.8151,True,28.1018,28.9333
900,1.5,619,0.5,0.176715,0.00985995,0.0197199,0.111592,0.471187,4.22242,21.3788,True,1.21477,1.25072
900,1.5,619,1,1.41372,0.0788796,0.157759,0.111592,0.471187,4.22242,21.3788,True,2.42954,2.50143
900,1.5,619,2,11.3097,0.631037,1.26207,0.111592,0.471187,4.22242,21.3788,True,4.85907,5.00286
900,1.5,619,5,176.715,9.85995,19.7199,0.111592,0.471187,4.22242,21.3788,True,12.1477,12.5072
900,1.5,619,10,1413.72,78.8796,157.759,0.111592,0.471187,4.22242,21.3788,True,24.2954,25.0143
900,1.5,800,0.5,0.176715,0.00762913,0.0152583,0.0863441,0.364581,4.22242,27.6301,True,1.11522,1.14822
900,1.5,800,1,1.41372,0.0610331,0.122066,0.0863441,0.364581,4.22242,27.6301,True,2.23044,2.29644
900,1.5,800,2,11.3097,0.488265,0.976529,0.0863441,0.364581,4.22242,27.6301,True,4.46088,4.59288
900,1.5,800,5,176.715,7.62913,15.2583,0.0863441,0.364581,4.22242,27.6301,True,11.1522,11.4822
900,1.5,800,10,1413.72,61.0331,122.066,0.0863441,0.364581,4.22242,27.6301,True,22.3044,22.9644
900,1.5,1000,0.5,0.176715,0.00610331,0.0122066,0.0690753,0.291665,4.22242,34.5377,True,1.03528,1.06591
900,1.5,1000,1,1.41372,0.0488265,0.0976529,0.0690753,0.291665,4.22242,34.5377,True,2.07056,2.13183
900,1.5,1000,2,11.3097,0.390612,0.781223,0.0690753,0.291665,4.22242,34.5377,True,4.14111,4.26365
900,1.5,1000,5,176.715,6.10331,12.2066,0.0690753,0.291665,4.22242,34.5377,True,10.3528,10.6591
900,1.5,1000,10,1413.72,48.8265,97.6529,0.0690753,0.291665,4.22242,34.5377,True,20.7056,21.3183
900,2,400,0.5,0.176715,0.0114437,0.0228874,0.129516,0.546871,4.22242,10.3613,True,1.27661,1.31438
900,2,400,1,1.41372,0.0915496,0.183099,0.129516,0.546871,4.22242,10.3613,True,2.55321,2.62877
900,2,400,2,11.3097,0.732397,1.46479,0.129516,0.546871,4.22242,10.3613,True,5.10643,5.25754
900,2,400,5,176.715,11.4437,22.8874,0.129516,0.546871,4.22242,10.3613,True,12.7661,13.1438
900,2,400,10,1413.72,91.5496,183.099,0.129516,0.546871,4.22242,10.3613,True,25.5321,26.2877
900,2,619,0.5,0.176715,0.00739496,0.0147899,0.0836938,0.35339,4.22242,16.0341,True,1.10369,1.13635
900,2,619,1,1.41372,0.0591597,0.118319,0.0836938,0.35339,4.22242,16.0341,True,2.20738,2.2727
900,2,619,2,11.3097,0.473278,0.946555,0.0836938,0.35339,4.22242,16.0341,True,4.41476,4.5454
900,2,619,5,176.715,7.39496,14.7899,0.0836938,0.35339,4.22242,16.0341,True,11.0369,11.3635
900,2,619,10,1413.72,59.1597,118.319,0.0836938,0.35339,4.22242,16.0341,True,22.0738,22.727
900,2,800,0.5,0.176715,0.00572185,0.0114437,0.0647581,0.273436,4.22242,20.7226,True,1.01324,1.04323
900,2,800,1,1.41372,0.0457748,0.0915496,0.0647581,0.273436,4.22242,20.7226,True,2.02649,2.08646
900,2,800,2,11.3097,0.366198,0.732397,0.0647581,0.273436,4.22242,20.7226,True,4.05298,4.17291
900,2,800,5,176.715,5.72185,11.4437,0.0647581,0.273436,4.22242,20.7226,True,10.1324,10.4323
900,2,800,10,1413.72,45.7748,91.5496,0.0647581,0.273436,4.22242,20.7226,True,20.2649,20.8646
900,2,1000,0.5,0.176715,0.00457748,0.00915496,0.0518065,0.218749,4.22242,25.9032,True,0.940612,0.968447
900,2,1000,1,1.41372,0.0366198,0.0732397,0.0518065,0.218749,4.22242,25.9032,True,1.88122,1.93689
900,2,1000,2,11.3097,0.292959,0.585918,0.0518065,0.218749,4.22242,25.9032,True,3.76245,3.87379
900,2,1000,5,176.715,4.57748,9.15496,0.0518065,0.218749,4.22242,25.9032,True,9.40612,9.68447
900,2,1000,10,1413.72,36.6198,73.2397,0.0518065,0.218749,4.22242,25.9032,True,18.8122,19.3689
900,2.5,400,0.5,0.176715,0.00915496,0.0183099,0.103613,0.437497,4.22242,8.28904,True,1.1851,1.22017
900,2.5,400,1,1.41372,0.0732397,0.146479,0.103613,0.437497,4.22242,8.28904,True,2.37019,2.44033
900,2.5,400,2,11.3097,0.585918,1.17184,0.103613,0.437497,4.22242,8.28904,True,4.74039,4.88067
900,2.5,400,5,176.715,9.15496,18.3099,0.103613,0.437497,4.22242,8.28904,True,11.851,12.2017
900,2.5,400,10,1413.72,73.2397,146.479,0.103613,0.437497,4.22242,8.28904,True,23.7019,24.4033
900,2.5,619,0.5,0.176715,0.00591597,0.0118319,0.0669551,0.282712,4.22242,12.8273,True,1.02457,1.05489
900,2.5,619,1,1.41372,0.0473278,0.0946555,0.0669551,0.282712,4.22242,12.8273,True,2.04915,2.10979
900,2.5,619,2,11.3097,0.378622,0.757244,0.0669551,0.282712,4.22242,12.8273,True,4.0983,4.21958
900,2.5,619,5,176.715,5.91597,11.8319,0.0669551,0.282712,4.22242,12.8273,True,10.2457,10.5489
900,2.5,619,10,1413.72,47.3278,94.6555,0.0669551,0.282712,4.22242,12.8273,True,20.4915,21.0979
900,2.5,800,0.5,0.176715,0.00457748,0.00915496,0.0518065,0.218749,4.22242,16.5781,True,0.940612,0.968447
900,2.5,800,1,1.41372,0.0366198,0.0732397,0.0518065,0.218749,4.22242,16.5781,True,1.88122,1.93689
900,2.5,800,2,11.3097,0.292959,0.585918,0.0518065,0.218749,4.22242,16.5781,True,3.76245,3.87379
900,2.5,800,5,176.715,4.57748,9.15496,0.0518065,0.218749,4.22242,16.5781,True,9.40612,9.68447
900,2.5,800,10,1413.72,36.6198,73.2397,0.0518065,0.218749,4.22242,16.5781,True,18.8122,19.3689
900,2.5,1000,0.5,0.176715,0.00366198,0.00732397,0.0414452,0.174999,4.22242,20.7226,True,0.873187,0.899026
900,2.5,1000,1,1.41372,0.0292959,0.0585918,0.0414452,0.174999,4.22242,20.7226,True,1.74637,1.79805
900,2.5,1000,2,11.3097,0.234367,0.468734,0.0414452,0.174999,4.22242,20.7226,True,3.49275,3.59611
900,2.5,1000,5,176.715,3.66198,7.32397,0.0414452,0.174999,4.22242,20.7226,True,8.73187,8.99026
900,2.5,1000,10,1413.72,29.2959,58.5918,0.0414452,0.174999,4.22242,20.7226,True,17.4637,17.9805
1000,1,400,0.5,0.176715,0.0224179,0.0448358,0.253719,1.21542,4.79043,20.2975,True,1.59735,1.64462
1000,1,400,1,1.41372,0.179343,0.358686,0.253719,1.21542,4.79043,20.2975,True,3.1947,3.28924
1000,1,400,2,11.3097,1.43475,2.86949,0.253719,1.21542,4.79043,20.2975,True,6.3894,6.57847
1000,1,400,5,176.715,22.4179,44.8358,0.253719,1.21542,4.79043,20.2975,True,15.9735,16.4462
1000,1,400,10,1413.72,179.343,358.686,0.253719,1.21542,4.79043,20.2975,True,31.947,32.8924
1000,1,619,0.5,0.176715,0.0144865,0.0289731,0.163954,0.785411,4.79043,31.4104,True,1.38099,1.42185
1000,1,619,1,1.41372,0.115892,0.231784,0.163954,0.785411,4.79043,31.4104,True,2.76198,2.84371
1000,1,619,2,11.3097,0.927138,1.85428,0.163954,0.785411,4.79043,31.4104,True,5.52395,5.68742
1000,1,619,5,176.715,14.4865,28.9731,0.163954,0.785411,4.79043,31.4104,True,13.8099,14.2185
1000,1,619,10,1413.72,115.892,231.784,0.163954,0.785411,4.79043,31.4104,True,27.6198,28.4371
1000,1,800,0.5,0.176715,0.011209,0.0224179,0.126859,0.607711,4.79043,40.595,False,1.26782,1.30533
1000,1,800,1,1.41372,0.0896716,0.179343,0.126859,0.607711,4.79043,40.595,False,2.53564,2.61067
1000,1,800,2,11.3097,0.717373,1.43475,0.126859,0.607711,4.79043,40.595,False,5.07127,5.22134
1000,1,800,5,176.715,11.209,22.4179,0.126859,0.607711,4.79043,40.595,False,12.6782,13.0533
1000,1,800,10,1413.72,89.6716,179.343,0.126859,0.607711,4.79043,40.595,False,25.3564,26.1067
1000,1,1000,0.5,0.176715,0.00896716,0.0179343,0.101487,0.486169,4.79043,50.7437,False,1.17694,1.21177
1000,1,1000,1,1.41372,0.0717373,0.143475,0.101487,0.486169,4.79043,50.7437,False,2.35388,2.42353
1000,1,1000,2,11.3097,0.573898,1.1478,0.101487,0.486169,4.79043,50.7437,False,4.70775,4.84706
1000,1,1000,5,176.715,8.96716,17.9343,0.101487,0.486169,4.79043,50.7437,False,11.7694,12.1177
1000,1,1000,10,1413.72,71.7373,143.475,0.101487,0.486169,4.79043,50.7437,False,23.5388,24.2353
1000,1.5,400,0.5,0.176715,0.0149453,0.0298905,0.169146,0.810282,4.79043,13.5317,True,1.39541,1.43671
1000,1.5,400,1,1.41372,0.119562,0.239124,0.169146,0.810282,4.79043,13.5317,True,2.79083,2.87341
1000,1.5,400,2,11.3097,0.956497,1.91299,0.169146,0.810282,4.79043,13.5317,True,5.58166,5.74683
1000,1.5,400,5,176.715,14.9453,29.8905,0.169146,0.810282,4.79043,13.5317,True,13.9541,14.3671
1000,1.5,400,10,1413.72,119.562,239.124,0.169146,0.810282,4.79043,13.5317,True,27.9083,28.7341
1000,1.5,619,0.5,0.176715,0.00965768,0.0193154,0.109303,0.523607,4.79043,20.9403,True,1.2064,1.2421
1000,1.5,619,1,1.41372,0.0772615,0.154523,0.109303,0.523607,4.79043,20.9403,True,2.41281,2.48421
1000,1.5,619,2,11.3097,0.618092,1.23618,0.109303,0.523607,4.79043,20.9403,True,4.82562,4.96842
1000,1.5,619,5,176.715,9.65768,19.3154,0.109303,0.523607,4.79043,20.9403,True,12.064,12.421
1000,1.5,619,10,1413.72,77.2615,154.523,0.109303,0.523607,4.79043,20.9403,True,24.1281,24.8421
1000,1.5,800,0.5,0.176715,0.00747263,0.0149453,0.0845729,0.405141,4.79043,27.0633,True,1.10754,1.14031
1000,1.5,800,1,1.41372,0.0597811,0.119562,0.0845729,0.405141,4.79043,27.0633,True,2.21508,2.28063
1000,1.5,800,2,11.3097,0.478249,0.956497,0.0845729,0.405141,4.79043,27.0633,True,4.43016,4.56126
1000,1.5,800,5,176.715,7.47263,14.9453,0.0845729,0.405141,4.79043,27.0633,True,11.0754,11.4031
1000,1.5,800,10,1413.72,59.7811,119.562,0.0845729,0.405141,4.79043,27.0633,True,22.1508,22.8063
1000,1.5,1000,0.5,0.176715,0.00597811,0.0119562,0.0676583,0.324113,4.79043,33.8292,True,1.02815,1.05857
1000,1.5,1000,1,1.41372,0.0478249,0.0956497,0.0676583,0.324113,4.79043,33.8292,True,2.0563,2.11715
1000,1.5,1000,2,11.3097,0.382599,0.765198,0.0676583,0.324113,4.79043,33.8292,True,4.1126,4.2343
1000,1.5,1000,5,176.715,5.97811,11.9562,0.0676583,0.324113,4.79043,33.8292,True,10.2815,10.5857
1000,1.5,1000,10,1413.72,47.8249,95.6497,0.0676583,0.324113,4.79043,33.8292,True,20.563,21.1715
1000,2,400,0.5,0.176715,0.011209,0.0224179,0.126859,0.607711,4.79043,10.1487,True,1.26782,1.30533
1000,2,400,1,1.41372,0.0896716,0.179343,0.126859,0.607711,4.79043,10.1487,True,2.53564,2.61067
1000,2,400,2,11.3097,0.717373,1.43475,0.126859,0.607711,4.79043,10.1487,True,5.07127,5.22134
1000,2,400,5,176.715,11.209,22.4179,0.126859,0.607711,4.79043,10.1487,True,12.6782,13.0533
1000,2,400,10,1413.72,89.6716,179.343,0.126859,0.607711,4.79043,10.1487,True,25.3564,26.1067
1000,2,619,0.5,0.176715,0.00724326,0.0144865,0.081977,0.392705,4.79043,15.7052,True,1.09609,1.12853
1000,2,619,1,1.41372,0.0579461,0.115892,0.081977,0.392705,4.79043,15.7052,True,2.19218,2.25705
1000,2,619,2,11.3097,0.463569,0.927138,0.081977,0.392705,4.79043,15.7052,True,4.38436,4.5141
1000,2,619,5,176.715,7.24326,14.4865,0.081977,0.392705,4.79043,15.7052,True,10.9609,11.2853
1000,2,619,10,1413.72,57.9461,115.892,0.081977,0.392705,4.79043,15.7052,True,21.9218,22.5705
1000,2,800,0.5,0.176715,0.00560448,0.011209,0.0634297,0.303856,4.79043,20.2975,True,1.00627,1.03604
1000,2,800,1,1.41372,0.0448358,0.0896716,0.0634297,0.303856,4.79043,20.2975,True,2.01253,2.07209
1000,2,800,2,11.3097,0.358686,0.717373,0.0634297,0.303856,4.79043,20.2975,True,4.02507,4.14418
1000,2,800,5,176.715,5.60448,11.209,0.0634297,0.303856,4.79043,20.2975,True,10.0627,10.3604
1000,2,800,10,1413.72,44.8358,89.6716,0.0634297,0.303856,4.79043,20.2975,True,20.1253,20.7209
1000,2,1000,0.5,0.176715,0.00448358,0.00896716,0.0507437,0.243085,4.79043,25.3719,True,0.934136,0.961779
1000,2,1000,1,1.41372,0.0358686,0.0717373,0.0507437,0.243085,4.79043,25.3719,True,1.86827,1.92356
1000,2,1000,2,11.3097,0.286949,0.573898,0.0507437,0.243085,4.79043,25.3719,True,3.73654,3.84712
1000,2,1000,5,176.715,4.48358,8.96716,0.0507437,0.243085,4.79043,25.3719,True,9.34136,9.61779
1000,2,1000,10,1413.72,35.8686,71.7373,0.0507437,0.243085,4.79043,25.3719,True,18.6827,19.2356
1000,2.5,400,0.5,0.176715,0.00896716,0.0179343,0.101487,0.486169,4.79043,8.119,True,1.17694,1.21177
1000,2.5,400,1,1.41372,0.0717373,0.143475,0.101487,0.486169,4.79043,8.119,True,2.35388,2.42353
1000,2.5,400,2,11.3097,0.573898,1.1478,0.101487,0.486169,4.79043,8.119,True,4.70775,4.84706
1000,2.5,400,5,176.715,8.96716,17.9343,0.101487,0.486169,4.79043,8.119,True,11.7694,12.1177
1000,2.5,400,10,1413.72,71.7373,143.475,0.101487,0.486169,4.79043,8.119,True,23.5388,24.2353
1000,2.5,619,0.5,0.176715,0.00579461,0.0115892,0.0655816,0.314164,4.79043,12.5642,True,1.01752,1.04763
1000,2.5,619,1,1.41372,0.0463569,0.0927138,0.0655816,0.314164,4.79043,12.5642,True,2.03504,2.09526
1000,2.5,619,2,11.3097,0.370855,0.74171,0.0655816,0.314164,4.79043,12.5642,True,4.07008,4.19052
1000,2.5,619,5,176.715,5.79461,11.5892,0.0655816,0.314164,4.79043,12.5642,True,10.1752,10.4763
1000,2.5,619,10,1413.72,46.3569,92.7138,0.0655816,0.314164,4.79043,12.5642,True,20.3504,20.9526
1000,2.5,800,0.5,0.176715,0.00448358,0.00896716,0.0507437,0.243085,4.79043,16.238,True,0.934136,0.961779
1000,2.5,800,1,1.41372,0.0358686,0.0717373,0.0507437,0.243085,4.79043,16.238,True,1.86827,1.92356
1000,2.5,800,2,11.3097,0.286949,0.573898,0.0507437,0.243085,4.79043,16.238,True,3.73654,3.84712
1000,2.5,800,5,176.715,4.48358,8.96716,0.0507437,0.243085,4.79043,16.238,True,9.34136,9.61779
1000,2.5,800,10,1413.72,35.8686,71.7373,0.0507437,0.243085,4.79043,16.238,True,18.6827,19.2356
1000,2.5,1000,0.5,0.176715,0.00358686,0.00717373,0.040595,0.194468,4.79043,20.2975,True,0.867175,0.892836
1000,2.5,1000,1,1.41372,0.0286949,0.0573898,0.040595,0.194468,4.79043,20.2975,True,1.73435,1.78567
1000,2.5,1000,2,11.3097,0.229559,0.459119,0.040595,0.194468,4.79043,20.2975,True,3.4687,3.57135
1000,2.5,1000,5,176.715,3.58686,7.17373,0.040595,0.194468,4.79043,20.2975,True,8.67175,8.92836
1000,2.5,1000,10,1413.72,28.6949,57.3898,0.040595,0.194468,4.79043,20.2975,True,17.3435,17.8567
1100,1,400,0.5,0.176715,0.0219642,0.0439285,0.248584,1.33414,5.36694,19.8867,True,1.5865,1.63345
1100,1,400,1,1.41372,0.175714,0.351428,0.248584,1.33414,5.36694,19.8867,True,3.173,3.2669
1100,1,400,2,11.3097,1.40571,2.81142,0.248584,1.33414,5.36694,19.8867,True,6.34601,6.5338
1100,1,400,5,176.715,21.9642,43.9285,0.248584,1.33414,5.36694,19.8867,True,15.865,16.3345
1100,1,400,10,1413.72,175.714,351.428,0.248584,1.33414,5.36694,19.8867,True,31.73,32.669
1100,1,619,0.5,0.176715,0.0141934,0.0283867,0.160636,0.862124,5.36694,30.7747,True,1.37161,1.4122
1100,1,619,1,1.41372,0.113547,0.227094,0.160636,0.862124,5.36694,30.7747,True,2.74322,2.82439
1100,1,619,2,11.3097,0.908375,1.81675,0.160636,0.862124,5.36694,30.7747,True,5.48643,5.64879
1100,1,619,5,176.715,14.1934,28.3867,0.160636,0.862124,5.36694,30.7747,True,13.7161,14.122
1100,1,619,10,1413.72,113.547,227.094,0.160636,0.862124,5.36694,30.7747,True,27.4322,28.2439
1100,1,800,0.5,0.176715,0.0109821,0.0219642,0.124292,0.667068,5.36694,39.7735,True,1.25921,1.29647
1100,1,800,1,1.41372,0.0878569,0.175714,0.124292,0.667068,5.36694,39.7735,True,2.51841,2.59294
1100,1,800,2,11.3097,0.702855,1.40571,0.124292,0.667068,5.36694,39.7735,True,5.03683,5.18588
1100,1,800,5,176.715,10.9821,21.9642,0.124292,0.667068,5.36694,39.7735,True,12.5921,12.9647
1100,1,800,10,1413.72,87.8569,175.714,0.124292,0.667068,5.36694,39.7735,True,25.1841,25.9294
1100,1,1000,0.5,0.176715,0.00878569,0.0175714,0.0994337,0.533655,5.36694,49.7169,False,1.16894,1.20354
1100,1,1000,1,1.41372,0.0702855,0.140571,0.0994337,0.533655,5.36694,49.7169,False,2.33789,2.40707
1100,1,1000,2,11.3097,0.562284,1.12457,0.0994337,0.533655,5.36694,49.7169,False,4.67578,4.81414
1100,1,1000,5,176.715,8.78569,17.5714,0.0994337,0.533655,5.36694,49.7169,False,11.6894,12.0354
1100,1,1000,10,1413.72,70.2855,140.571,0.0994337,0.533655,5.36694,49.7169,False,23.3789,24.0707
1100,1.5,400,0.5,0.176715,0.0146428,0.0292856,0.165723,0.889424,5.36694,13.2578,True,1.38594,1.42695
1100,1.5,400,1,1.41372,0.117143,0.234285,0.165723,0.889424,5.36694,13.2578,True,2.77187,2.8539
1100,1.5,400,2,11.3097,0.937141,1.87428,0.165723,0.889424,5.36694,13.2578,True,5.54375,5.7078
1100,1.5,400,5,176.715,14.6428,29.2856,0.165723,0.889424,5.36694,13.2578,True,13.8594,14.2695
1100,1.5,400,10,1413.72,117.143,234.285,0.165723,0.889424,5.36694,13.2578,True,27.7187,28.539
1100,1.5,619,0.5,0.176715,0.00946224,0.0189245,0.107091,0.574749,5.36694,20.5165,True,1.19821,1.23367
1100,1.5,619,1,1.41372,0.075698,0.151396,0.107091,0.574749,5.36694,20.5165,True,2.39642,2.46734
1100,1.5,619,2,11.3097,0.605584,1.21117,0.107091,0.574749,5.36694,20.5165,True,4.79284,4.93467
1100,1.5,619,5,176.715,9.46224,18.9245,0.107091,0.574749,5.36694,20.5165,True,11.9821,12.3367
1100,1.5,619,10,1413.72,75.698,151.396,0.107091,0.574749,5.36694,20.5165,True,23.9642,24.6734
1100,1.5,800,0.5,0.176715,0.00732141,0.0146428,0.0828614,0.444712,5.36694,26.5157,True,1.10002,1.13257
1100,1.5,800,1,1.41372,0.0585713,0.117143,0.0828614,0.444712,5.36694,26.5157,True,2.20004,2.26514
1100,1.5,800,2,11.3097,0.46857,0.937141,0.0828614,0.444712,5.36694,26.5157,True,4.40007,4.53028
1100,1.5,800,5,176.715,7.32141,14.6428,0.0828614,0.444712,5.36694,26.5157,True,11.0002,11.3257
1100,1.5,800,10,1413.72,58.5713,117.143,0.0828614,0.444712,5.36694,26.5157,True,22.0004,22.6514
1100,1.5,1000,0.5,0.176715,0.00585713,0.0117143,0.0662891,0.35577,5.36694,33.1446,True,1.02117,1.05139
1100,1.5,1000,1,1.41372,0.046857,0.0937141,0.0662891,0.35577,5.36694,33.1446,True,2.04233,2.10277
1100,1.5,1000,2,11.3097,0.374856,0.749713,0.0662891,0.35577,5.36694,33.1446,True,4.08467,4.20554
1100,1.5,1000,5,176.715,5.85713,11.7143,0.0662891,0.35577,5.36694,33.1446,True,10.2117,10.5139
1100,1.5,1000,10,1413.72,46.857,93.7141,0.0662891,0.35577,5.36694,33.1446,True,20.4233,21.0277
1100,2,400,0.5,0.176715,0.0109821,0.0219642,0.124292,0.667068,5.36694,9.94337,True,1.25921,1.29647
1100,2,400,1,1.41372,0.0878569,0.175714,0.124292,0.667068,5.36694,9.94337,True,2.51841,2.59294
1100,2,400,2,11.3097,0.702855,1.40571,0.124292,0.667068,5.36694,9.94337,True,5.03683,5.18588
1100,2,400,5,176.715,10.9821,21.9642,0.124292,0.667068,5.36694,9.94337,True,12.5921,12.9647
1100,2,400,10,1413.72,87.8569,175.714,0.124292,0.667068,5.36694,9.94337,True,25.1841,25.9294
1100,2,619,0.5,0.176715,0.00709668,0.0141934,0.080318,0.431062,5.36694,15.3874,True,1.08865,1.12086
1100,2,619,1,1.41372,0.0567735,0.113547,0.080318,0.431062,5.36694,15.3874,True,2.17729,2.24172
1100,2,619,2,11.3097,0.454188,0.908375,0.080318,0.431062,5.36694,15.3874,True,4.35459,4.48345
1100,2,619,5,176.715,7.09668,14.1934,0.080318,0.431062,5.36694,15.3874,True,10.8865,11.2086
1100,2,619,10,1413.72,56.7735,113.547,0.080318,0.431062,5.36694,15.3874,True,21.7729,22.4172
1100,2,800,0.5,0.176715,0.00549106,0.0109821,0.0621461,0.333534,5.36694,19.8867,True,0.999433,1.02901
1100,2,800,1,1.41372,0.0439285,0.0878569,0.0621461,0.333534,5.36694,19.8867,True,1.99887,2.05802
1100,2,800,2,11.3097,0.351428,0.702855,0.0621461,0.333534,5.36694,19.8867,True,3.99773,4.11603
1100,2,800,5,176.715,5.49106,10.9821,0.0621461,0.333534,5.36694,19.8867,True,9.99433,10.2901
1100,2,800,10,1413.72,43.9285,87.8569,0.0621461,0.333534,5.36694,19.8867,True,19.9887,20.5802
1100,2,1000,0.5,0.176715,0.00439285,0.00878569,0.0497169,0.266827,5.36694,24.8584,True,0.927792,0.955247
1100,2,1000,1,1.41372,0.0351428,0.0702855,0.0497169,0.266827,5.36694,24.8584,True,1.85558,1.91049
1100,2,1000,2,11.3097,0.281142,0.562284,0.0497169,0.266827,5.36694,24.8584,True,3.71117,3.82099
1100,2,1000,5,176.715,4.39285,8.78569,0.0497169,0.266827,5.36694,24.8584,True,9.27792,9.55247
1100,2,1000,10,1413.72,35.1428,70.2855,0.0497169,0.266827,5.36694,24.8584,True,18.5558,19.1049
1100,2.5,400,0.5,0.176715,0.00878569,0.0175714,0.0994337,0.533655,5.36694,7.9547,True,1.16894,1.20354
1100,2.5,400,1,1.41372,0.0702855,0.140571,0.0994337,0.533655,5.36694,7.9547,True,2.33789,2.40707
1100,2.5,400,2,11.3097,0.562284,1.12457,0.0994337,0.533655,5.36694,7.9547,True,4.67578,4.81414
1100,2.5,400,5,176.715,8.78569,17.5714,0.0994337,0.533655,5.36694,7.9547,True,11.6894,12.0354
1100,2.5,400,10,1413.72,70.2855,140.571,0.0994337,0.533655,5.36694,7.9547,True,23.3789,24.0707
1100,2.5,619,0.5,0.176715,0.00567735,0.0113547,0.0642544,0.344849,5.36694,12.3099,True,1.01061,1.04052
1100,2.5,619,1,1.41372,0.0454188,0.0908375,0.0642544,0.344849,5.36694,12.3099,True,2.02122,2.08103
1100,2.5,619,2,11.3097,0.36335,0.7267,0.0642544,0.344849,5.36694,12.3099,True,4.04244,4.16206
1100,2.5,619,5,176.715,5.67735,11.3547,0.0642544,0.344849,5.36694,12.3099,True,10.1061,10.4052
1100,2.5,619,10,1413.72,45.4188,90.8375,0.0642544,0.344849,5.36694,12.3099,True,20.2122,20.8103
1100,2.5,800,0.5,0.176715,0.00439285,0.00878569,0.0497169,0.266827,5.36694,15.9094,True,0.927792,0.955247
1100,2.5,800,1,1.41372,0.0351428,0.0702855,0.0497169,0.266827,5.36694,15.9094,True,1.85558,1.91049
1100,2.5,800,2,11.3097,0.281142,0.562284,0.0497169,0.266827,5.36694,15.9094,True,3.71117,3.82099
1100,2.5,800,5,176.715,4.39285,8.78569,0.0497169,0.266827,5.36694,15.9094,True,9.27792,9.55247
1100,2.5,800,10,1413.72,35.1428,70.2855,0.0497169,0.266827,5.36694,15.9094,True,18.5558,19.1049
1100,2.5,1000,0.5,0.176715,0.00351428,0.00702855,0.0397735,0.213462,5.36694,19.8867,True,0.861285,0.886773
1100,2.5,1000,1,1.41372,0.0281142,0.0562284,0.0397735,0.213462,5.36694,19.8867,True,1.72257,1.77355
1100,2.5,1000,2,11.3097,0.224914,0.449828,0.0397735,0.213462,5.36694,19.8867,True,3.44514,3.54709
1100,2.5,1000,5,176.715,3.51428,7.02855,0.0397735,0.213462,5.36694,19.8867,True,8.61285,8.86773
1100,2.5,1000,10,1413.72,28.1142,56.2284,0.0397735,0.213462,5.36694,19.8867,True,17.2257,17.7355
1200,1,400,0.5,0.176715,0.0215257,0.0430513,0.243621,1.44998,5.9518,19.4897,True,1.57587,1.6225
1200,1,400,1,1.41372,0.172205,0.344411,0.243621,1.44998,5.9518,19.4897,True,3.15174,3.24501
1200,1,400,2,11.3097,1.37764,2.75528,0.243621,1.44998,5.9518,19.4897,True,6.30348,6.49002
1200,1,400,5,176.715,21.5257,43.0513,0.243621,1.44998,5.9518,19.4897,True,15.7587,16.225
1200,1,400,10,1413.72,172.205,344.411,0.243621,1.44998,5.9518,19.4897,True,31.5174,32.4501
1200,1,619,0.5,0.176715,0.01391,0.0278199,0.157429,0.936983,5.9518,30.1602,True,1.36242,1.40273
1200,1,619,1,1.41372,0.11128,0.222559,0.157429,0.936983,5.9518,30.1602,True,2.72484,2.80547
1200,1,619,2,11.3097,0.890237,1.78047,0.157429,0.936983,5.9518,30.1602,True,5.44967,5.61094
1200,1,619,5,176.715,13.91,27.8199,0.157429,0.936983,5.9518,30.1602,True,13.6242,14.0273
1200,1,619,10,1413.72,111.28,222.559,0.157429,0.936983,5.9518,30.1602,True,27.2484,28.0547
1200,1,800,0.5,0.176715,0.0107628,0.0215257,0.12181,0.724991,5.9518,38.9793,True,1.25077,1.28778
1200,1,800,1,1.41372,0.0861027,0.172205,0.12181,0.724991,5.9518,38.9793,True,2.50154,2.57556
1200,1,800,2,11.3097,0.688821,1.37764,0.12181,0.724991,5.9518,38.9793,True,5.00308,5.15113
1200,1,800,5,176.715,10.7628,21.5257,0.12181,0.724991,5.9518,38.9793,True,12.5077,12.8778
1200,1,800,10,1413.72,86.1027,172.205,0.12181,0.724991,5.9518,38.9793,True,25.0154,25.7556
1200,1,1000,0.5,0.176715,0.00861027,0.0172205,0.0974483,0.579993,5.9518,48.7241,False,1.16111,1.19547
1200,1,1000,1,1.41372,0.0688821,0.137764,0.0974483,0.579993,5.9518,48.7241,False,2.32222,2.39094
1200,1,1000,2,11.3097,0.551057,1.10211,0.0974483,0.579993,5.9518,48.7241,False,4.64445,4.78188
1200,1,1000,5,176.715,8.61027,17.2205,0.0974483,0.579993,5.9518,48.7241,False,11.6111,11.9547
1200,1,1000,10,1413.72,68.8821,137.764,0.0974483,0.579993,5.9518,48.7241,False,23.2222,23.9094
1200,1.5,400,0.5,0.176715,0.0143504,0.0287009,0.162414,0.966655,5.9518,12.9931,True,1.37665,1.41739
1200,1.5,400,1,1.41372,0.114804,0.229607,0.162414,0.966655,5.9518,12.9931,True,2.7533,2.83478
1200,1.5,400,2,11.3097,0.918428,1.83686,0.162414,0.966655,5.9518,12.9931,True,5.5066,5.66955
1200,1.5,400,5,176.715,14.3504,28.7009,0.162414,0.966655,5.9518,12.9931,True,13.7665,14.1739
1200,1.5,400,10,1413.72,114.804,229.607,0.162414,0.966655,5.9518,12.9931,True,27.533,28.3478
1200,1.5,619,0.5,0.176715,0.00927331,0.0185466,0.104952,0.624656,5.9518,20.1068,True,1.19018,1.2254
1200,1.5,619,1,1.41372,0.0741865,0.148373,0.104952,0.624656,5.9518,20.1068,True,2.38036,2.4508
1200,1.5,619,2,11.3097,0.593492,1.18698,0.104952,0.624656,5.9518,20.1068,True,4.76073,4.90161
1200,1.5,619,5,176.715,9.27331,18.5466,0.104952,0.624656,5.9518,20.1068,True,11.9018,12.254
1200,1.5,619,10,1413.72,74.1865,148.373,0.104952,0.624656,5.9518,20.1068,True,23.8036,24.508
1200,1.5,800,0.5,0.176715,0.00717522,0.0143504,0.0812069,0.483327,5.9518,25.9862,True,1.09265,1.12498
1200,1.5,800,1,1.41372,0.0574018,0.114804,0.0812069,0.483327,5.9518,25.9862,True,2.1853,2.24996
1200,1.5,800,2,11.3097,0.459214,0.918428,0.0812069,0.483327,5.9518,25.9862,True,4.37059,4.49993
1200,1.5,800,5,176.715,7.17522,14.3504,0.0812069,0.483327,5.9518,25.9862,True,10.9265,11.2498
1200,1.5,800,10,1413.72,57.4018,114.804,0.0812069,0.483327,5.9518,25.9862,True,21.853,22.4996
1200,1.5,1000,0.5,0.176715,0.00574018,0.0114804,0.0649655,0.386662,5.9518,32.4828,True,1.01432,1.04434
1200,1.5,1000,1,1.41372,0.0459214,0.0918428,0.0649655,0.386662,5.9518,32.4828,True,2.02865,2.08868
1200,1.5,1000,2,11.3097,0.367371,0.734743,0.0649655,0.386662,5.9518,32.4828,True,4.0573,4.17736
1200,1.5,1000,5,176.715,5.74018,11.4804,0.0649655,0.386662,5.9518,32.4828,True,10.1432,10.4434
1200,1.5,1000,10,1413.72,45.9214,91.8428,0.0649655,0.386662,5.9518,32.4828,True,20.2865,20.8868
1200,2,400,0.5,0.176715,0.0107628,0.0215257,0.12181,0.724991,5.9518,9.74483,True,1.25077,1.28778
1200,2,400,1,1.41372,0.0861027,0.172205,0.12181,0.724991,5.9518,9.74483,True,2.50154,2.57556
1200,2,400,2,11.3097,0.688821,1.37764,0.12181,0.724991,5.9518,9.74483,True,5.00308,5.15113
1200,2,400,5,176.715,10.7628,21.5257,0.12181,0.724991,5.9518,9.74483,True,12.5077,12.8778
1200,2,400,10,1413.72,86.1027,172.205,0.12181,0.724991,5.9518,9.74483,True,25.0154,25.7556
1200,2,619,0.5,0.176715,0.00695498,0.01391,0.0787143,0.468492,5.9518,15.0801,True,1.08135,1.11335
1200,2,619,1,1.41372,0.0556398,0.11128,0.0787143,0.468492,5.9518,15.0801,True,2.1627,2.2267
1200,2,619,2,11.3097,0.445119,0.890237,0.0787143,0.468492,5.9518,15.0801,True,4.32541,4.4534
1200,2,619,5,176.715,6.95498,13.91,0.0787143,0.468492,5.9518,15.0801,True,10.8135,11.1335
1200,2,619,10,1413.72,55.6398,111.28,0.0787143,0.468492,5.9518,15.0801,True,21.627,22.267
1200,2,800,0.5,0.176715,0.00538142,0.0107628,0.0609052,0.362495,5.9518,19.4897,True,0.992736,1.02211
1200,2,800,1,1.41372,0.0430513,0.0861027,0.0609052,0.362495,5.9518,19.4897,True,1.98547,2.04423
1200,2,800,2,11.3097,0.344411,0.688821,0.0609052,0.362495,5.9518,19.4897,True,3.97095,4.08845
1200,2,800,5,176.715,5.38142,10.7628,0.0609052,0.362495,5.9518,19.4897,True,9.92736,10.2211
1200,2,800,10,1413.72,43.0513,86.1027,0.0609052,0.362495,5.9518,19.4897,True,19.8547,20.4423
1200,2,1000,0.5,0.176715,0.00430513,0.00861027,0.0487241,0.289996,5.9518,24.3621,True,0.921575,0.948846
1200,2,1000,1,1.41372,0.0344411,0.0688821,0.0487241,0.289996,5.9518,24.3621,True,1.84315,1.89769
1200,2,1000,2,11.3097,0.275528,0.551057,0.0487241,0.289996,5.9518,24.3621,True,3.6863,3.79538
1200,2,1000,5,176.715,4.30513,8.61027,0.0487241,0.289996,5.9518,24.3621,True,9.21575,9.48846
1200,2,1000,10,1413.72,34.4411,68.8821,0.0487241,0.289996,5.9518,24.3621,True,18.4315,18.9769
1200,2.5,400,0.5,0.176715,0.00861027,0.0172205,0.0974483,0.579993,5.9518,7.79586,True,1.16111,1.19547
1200,2.5,400,1,1.41372,0.0688821,0.137764,0.0974483,0.579993,5.9518,7.79586,True,2.32222,2.39094
1200,2.5,400,2,11.3097,0.551057,1.10211,0.0974483,0.579993,5.9518,7.79586,True,4.64445,4.78188
1200,2.5,400,5,176.715,8.61027,17.2205,0.0974483,0.579993,5.9518,7.79586,True,11.6111,11.9547
1200,2.5,400,10,1413.72,68.8821,137.764,0.0974483,0.579993,5.9518,7.79586,True,23.2222,23.9094
1200,2.5,619,0.5,0.176715,0.00556398,0.011128,0.0629714,0.374793,5.9518,12.0641,True,1.00384,1.03354
1200,2.5,619,1,1.41372,0.0445119,0.0890237,0.0629714,0.374793,5.9518,12.0641,True,2.00768,2.06709
1200,2.5,619,2,11.3097,0.356095,0.71219,0.0629714,0.374793,5.9518,12.0641,True,4.01535,4.13417
1200,2.5,619,5,176.715,5.56398,11.128,0.0629714,0.374793,5.9518,12.0641,True,10.0384,10.3354
1200,2.5,619,10,1413.72,44.5119,89.0237,0.0629714,0.374793,5.9518,12.0641,True,20.0768,20.6709
1200,2.5,800,0.5,0.176715,0.00430513,0.00861027,0.0487241,0.289996,5.9518,15.5917,True,0.921575,0.948846
1200,2.5,800,1,1.41372,0.0344411,0.0688821,0.0487241,0.289996,5.9518,15.5917,True,1.84315,1.89769
1200,2.5,800,2,11.3097,0.275528,0.551057,0.0487241,0.289996,5.9518,15.5917,True,3.6863,3.79538
1200,2.5,800,5,176.715,4.30513,8.61027,0.0487241,0.289996,5.9518,15.5917,True,9.21575,9.48846
1200,2.5,800,10,1413.72,34.4411,68.8821,0.0487241,0.289996,5.9518,15.5917,True,18.4315,18.9769
1200,2.5,1000,0.5,0.176715,0.00344411,0.00688821,0.0389793,0.231997,5.9518,19.4897,True,0.855514,0.880831
1200,2.5,1000,1,1.41372,0.0275528,0.0551057,0.0389793,0.231997,5.9518,19.4897,True,1.71103,1.76166
1200,2.5,1000,2,11.3097,0.220423,0.440846,0.0389793,0.231997,5.9518,19.4897,True,3.42206,3.52332
1200,2.5,1000,5,176.715,3.44411,6.88821,0.0389793,0.231997,5.9518,19.4897,True,8.55514,8.80831
1200,2.5,1000,10,1413.72,27.5528,55.1057,0.0389793,0.231997,5.9518,19.4897,True,17.1103,17.6166
